Compound,Date,Negative,Neutral,Positive,Source,Text,Tweets Ago
0.0,Sat Jul 14 19:03:07 +0000 2018,0.0,1.0,0.0,@BBC,"Tonight, @reginalddhunter takes a 2,000-mile musical road trip along the US-Mexico border. üé∂

Reginald D Hunter's S‚Ä¶ https://t.co/K4ZHogg1lO",1
0.3818,Sat Jul 14 18:03:04 +0000 2018,0.0,0.843,0.157,@BBC,There's a clear difference in the way boys and girls behave during a #heatwave. üòÇ‚òÄÔ∏èüå° @JackWhitehall‚Ä¶ https://t.co/SmGTMhnZ3M,2
0.8271,Sat Jul 14 17:32:50 +0000 2018,0.0,0.628,0.372,@BBC,üéæ¬†Angelique Kerber beat seven-time champion Serena Williams to win her first #Wimbledon title.‚Ä¶ https://t.co/O7Q0shxwSc,3
0.6688,Sat Jul 14 16:23:10 +0000 2018,0.0,0.848,0.152,@BBC,"RT @BBCSport: Angelique Kerber is the #wimbledon champion! üëè

The German beats Serena Williams to lift the trophy for the first time! üôå
 
L‚Ä¶",4
0.6476,Sat Jul 14 16:03:05 +0000 2018,0.111,0.527,0.362,@BBC,"""We'll definitely keep in touch!""  üëã *Immediately blocks number* #Extras 

https://t.co/9gVnLDsdq0",5
0.0,Sat Jul 14 13:03:04 +0000 2018,0.0,1.0,0.0,@BBC,A wild banana that may hold the key to protecting the world's edible banana crop has been put on the extinction lis‚Ä¶ https://t.co/iU8sxtarEw,6
0.0,Sat Jul 14 12:10:55 +0000 2018,0.0,1.0,0.0,@BBC,"There she goes! üö¢ üåä

The RRS Sir David Attenborough - the UK's polar ship known to some as Boaty McBoatface - is la‚Ä¶ https://t.co/bYll3hTWpa",7
0.5411,Sat Jul 14 12:08:51 +0000 2018,0.0,0.873,0.127,@BBC,"RT @bbctennis: Meghan Markle has arrived!

The crowd shouted her name as she made her way to Centre Court. She waved üëã

üíªüì± https://t.co/Xg5‚Ä¶",8
0.0,Sat Jul 14 12:04:02 +0000 2018,0.0,1.0,0.0,@BBC,"We all know a hipster restaurant that's taken things a bit too far... üôÑüòÇ 

https://t.co/0N3WTRIUVu",9
0.0,Sat Jul 14 11:13:46 +0000 2018,0.0,1.0,0.0,@BBC,"RT @1Xtra: Tonight 9pm @Drake x @CharlieSloth üî•ü¶Ç

#DrakeFITB https://t.co/LpqcF10QvH",10
0.0,Sat Jul 14 11:07:03 +0000 2018,0.0,1.0,0.0,@BBC,Sue Barker presents live coverage of Angelique Kerber vs Serena Williams in the women's singles final from Wimbledo‚Ä¶ https://t.co/hFtwDO5Ma3,11
-0.2732,Sat Jul 14 10:03:02 +0000 2018,0.13,0.87,0.0,@BBC,"üò≤The man with world's longest fingernails has had them cut off after 66 years. 

https://t.co/FmC6KX7ZKP",12
0.1027,Sat Jul 14 09:54:33 +0000 2018,0.0,0.931,0.069,@BBC,"RT @CBeebiesHQ: Look WHO is in for tonight's #BedtimeStory ‚è≥üåÄ

@Pearlie_mack reads Ellie's Magic Wellies üìñ

@bbcdoctorwho

@AmySparkes

@Ea‚Ä¶",13
0.4019,Sat Jul 14 09:07:03 +0000 2018,0.0,0.838,0.162,@BBC,"This model was bitten by a shark while posing for a photo on holiday. üòÆü¶à
https://t.co/hQ5q69tVBZ https://t.co/TMYfQlnwto",14
0.7506,Sat Jul 14 08:02:07 +0000 2018,0.0,0.701,0.299,@BBC,"Meet the 8-year-old yoga expert who is winning national and international prizes. üßò‚Äç‚ôÇÔ∏è

https://t.co/Rn4flrc6vh",15
0.25,Sat Jul 14 07:33:07 +0000 2018,0.204,0.559,0.237,@BBC,"‚ÄúIt‚Äôs a love museum ‚Äì just maybe upside down"". üíî

Welcome to the museum preserving the memories of broken hearts. üëâ‚Ä¶ https://t.co/KK5pBeeWWE",16
-0.7003,Sat Jul 14 07:04:02 +0000 2018,0.266,0.734,0.0,@BBC,"71 years after her death, the UK's forgotten astronomer Annie Maunder is finally getting some recognition. ‚òÑüî≠üå†

https://t.co/fjWUaZC4zQ",17
0.7964,Fri Jul 13 20:32:04 +0000 2018,0.0,0.728,0.272,@BBC,"Gary Barlow and his ten-piece band perform songs including Greatest Day, Back for Good and Rule the World against t‚Ä¶ https://t.co/xAcRAKlkmn",18
0.8268,Fri Jul 13 18:31:05 +0000 2018,0.0,0.688,0.312,@BBC,"The world's greatest classical musical festival is back! üé∂üéªüëè @bbcproms 2018

First Night of the Proms | 8:30pm |‚Ä¶ https://t.co/JKCkC5EMMs",19
0.0,Fri Jul 13 18:30:37 +0000 2018,0.0,1.0,0.0,@BBC,"RT @BBCSport: This is some semi-final.

Watch Kevin Anderson and John Isner live on @BBCTwo and online.

https://t.co/gmKgD0Vwbx https://t.‚Ä¶",20
-0.7876,Fri Jul 13 17:32:04 +0000 2018,0.331,0.669,0.0,@BBC,"When someone gets sassy but you've got a killer comeback... üòÇüëè @robbrydon #WILTY

https://t.co/cmdBgsfTm1",21
0.9022,Fri Jul 13 17:02:05 +0000 2018,0.0,0.665,0.335,@BBC,"The best time to plant a tree was 20 years ago. The second best time is now. üå≥

Eight Chinese proverbs to help with‚Ä¶ https://t.co/zqSO489S8G",22
-0.0516,Fri Jul 13 15:59:00 +0000 2018,0.062,0.938,0.0,@BBC,"When your colleagues ask why you need to leave work at 5pm on the dot... üç∑üíÉ

#FridayFeeling #Versailles https://t.co/Tmba34H72w",23
0.0,Fri Jul 13 15:47:44 +0000 2018,0.0,1.0,0.0,@BBC,RT @BBCNews: Downton Abbey film finally confirmed https://t.co/VcQvk7lFJb,24
0.0382,Fri Jul 13 15:04:04 +0000 2018,0.0,0.952,0.048,@BBC,"""I can't pay you, but you can use the photos in your portfolio."" üôÑ  

Every photographer can relate to this. 

https://t.co/AIriphAyym",25
-0.7579,Fri Jul 13 12:03:03 +0000 2018,0.427,0.418,0.155,@BBC,"The secret to a long, happy relationship? 

Lying, lying and more lying. ‚ù§Ô∏èÔ∏èüòÇ @rhysnicholson

https://t.co/K0t1XAHovC",26
0.3182,Fri Jul 13 11:03:03 +0000 2018,0.0,0.881,0.119,@BBC,"The original 1926 map of The Hundred Acre Wood from Winnie-the-Pooh has sold for a record ¬£430,000. üìñüçØ‚Ä¶ https://t.co/YoDZxpIlLe",27
0.0,Fri Jul 13 10:01:02 +0000 2018,0.0,1.0,0.0,@BBC,RT @bbcproms: A Spectacular curtain raiser last night by @AnnaHMeredith &amp; @59productions  commissioned by @bbcproms @edintfest @1418NOW  in‚Ä¶,28
0.0,Fri Jul 13 09:59:32 +0000 2018,0.0,1.0,0.0,@BBC,RT @BBCTheOneShow: It's @ChrisGPackham UK Bioblitz 2018. Over ten days Chris &amp; his team will visit 50 wildlife sites in the UK to highlight‚Ä¶,29
0.0,Fri Jul 13 08:03:04 +0000 2018,0.0,1.0,0.0,@BBC,"Who is the mysterious Hester Appleyard?

Natalie Dormer spills the beans on her enigmatic role in‚Ä¶ https://t.co/6oHcD9SONr",30
0.1779,Fri Jul 13 07:27:05 +0000 2018,0.0,0.909,0.091,@BBC,"""I think the NHS is one of the biggest assets we have in this country,"" says @JonniePeacock.‚Ä¶ https://t.co/PTiCP0xeHc",31
-0.4003,Fri Jul 13 07:03:02 +0000 2018,0.187,0.813,0.0,@BBC,"‚ö†Ô∏è Watch out! ‚ö†Ô∏è Today is Friday the 13th...

üìÜüò∞ But why is this date considered unlucky?

https://t.co/RJelR8Rw6p",32
-0.0772,Thu Jul 12 20:02:02 +0000 2018,0.071,0.929,0.0,@BBC,"üò∫üé¨ Meet Lisio, the ginger cat who jumped onto his owner's shoulders during a serious TV interview.

üëâ‚Ä¶ https://t.co/7DmhNcHnU6",33
0.6249,Thu Jul 12 18:04:07 +0000 2018,0.0,0.806,0.194,@BBC,"Great Britain's John Curry was the world's first out gay Olympian. This is his story. ‚õ∏

https://t.co/8kFobV3AWe",34
-0.7271,Thu Jul 12 17:03:06 +0000 2018,0.313,0.55,0.137,@BBC,Not all heroes wear capes. This Australian diving doctor abandoned his holiday to stay with the boys trapped in a c‚Ä¶ https://t.co/BRaTqIJP19,35
0.0,Thu Jul 12 16:03:02 +0000 2018,0.0,1.0,0.0,@BBC,"Orkney‚Äôs mysterious stone circles are older than Stonehenge... 

https://t.co/Cbuq22PkVm",36
0.6597,Thu Jul 12 14:47:18 +0000 2018,0.178,0.512,0.31,@BBC,"RT @BBCOne: Love and trust, shattered by secrets and lies. Keeping Faith from @BBCWales starring @TeamEveMyles starts tonight at 9pm on BBC‚Ä¶",37
0.4404,Thu Jul 12 13:04:03 +0000 2018,0.0,0.854,0.146,@BBC,"The university access watchdog says students' backgrounds should be taken into account when awarding places, to imp‚Ä¶ https://t.co/q9vW9zt46B",38
0.0,Thu Jul 12 12:04:04 +0000 2018,0.0,1.0,0.0,@BBC,"Why are more parents around the world choosing to raise only children?

https://t.co/bWil43TvES",39
-0.3182,Thu Jul 12 11:43:48 +0000 2018,0.087,0.913,0.0,@BBC,"RT @BBCFOUR: Dr Lucy Worsley shows how Britain's new ruling family fought the French, the Jacobites and each other, all at the same time. T‚Ä¶",40
0.0,Thu Jul 12 11:02:03 +0000 2018,0.0,1.0,0.0,@BBC,Meet the people getting the @bbcproms off to a spectacular start. üòçüé∂üéª https://t.co/rD5I0XXrLz https://t.co/5im1Tokqsr,41
0.0,Thu Jul 12 10:30:00 +0000 2018,0.0,1.0,0.0,@BBC,"‚ôªÔ∏èü•õMeet the schoolchildren who redesigned their milk cartons without plastic straws. 

Their school now uses fully‚Ä¶ https://t.co/hK4M1UtcHk",42
-0.1788,Thu Jul 12 08:03:03 +0000 2018,0.182,0.733,0.086,@BBC,"Adam can't hide the fact that he has a stutter, and he doesn't want to anymore.

https://t.co/JVzJkk828L",43
0.0,Thu Jul 12 07:31:08 +0000 2018,0.0,1.0,0.0,@BBC,"Native wildlife is ""flocking back"" to the Outer Hebrides following a 17-year project to eradicate the American mink‚Ä¶ https://t.co/QbGQddmWyW",44
-0.3595,Thu Jul 12 07:03:04 +0000 2018,0.161,0.839,0.0,@BBC,"Walrus siestas can last a week! üí§ These incredible creatures know how to nap... 

https://t.co/qZRpNBkpuc",45
0.1967,Wed Jul 11 20:39:03 +0000 2018,0.0,0.905,0.095,@BBC,"It‚Äôs not coming home. üíî

But it's been an incredible journey. ‚ô•Ô∏è

https://t.co/TrqeqzfTUq  #ENG #WorldCup‚Ä¶ https://t.co/nCoN5lDJys",46
0.0,Wed Jul 11 20:23:23 +0000 2018,0.0,1.0,0.0,@BBC,"RT @BBCSport: GOAL

Mario Mandzukic drills Croatia in front.

#CRO 2-1 #ENG 

LIVE:
üì± https://t.co/C5GtYW7jpj 
üìª @5liveSport 

#ENGCRO #Wor‚Ä¶",47
-0.1027,Wed Jul 11 20:03:46 +0000 2018,0.065,0.935,0.0,@BBC,"RT @BBCSport: Extra-time it is... and we're underway...

How are your nerves?

#CRO 1-1 #ENG 

LIVE:
üì± https://t.co/C5GtYW7jpj 
üìª @5liveSpo‚Ä¶",48
0.3612,Wed Jul 11 19:52:13 +0000 2018,0.0,0.878,0.122,@BBC,"Full time: #CRO 1-1 #ENG 

Who's ready for another 30 minutes?

Follow it live: 
üì± https://t.co/TrqeqzfTUq  
üìª‚Ä¶ https://t.co/CuPZrrxFEW",49
-0.296,Wed Jul 11 19:49:56 +0000 2018,0.306,0.694,0.0,@BBC,RT @BBCBreakfast: No fingernails left... https://t.co/E4oE20owSY,50
0.0,Wed Jul 11 19:27:11 +0000 2018,0.0,1.0,0.0,@BBC,"RT @BBCSport: GOAL 

#CRO 1-1 #ENG 

Ivan Perisic meets a cross to flick Croatia level.

LIVE:
üì± https://t.co/C5GtYW7jpj 
üìª @5liveSport htt‚Ä¶",51
-0.0191,Wed Jul 11 19:20:29 +0000 2018,0.056,0.944,0.0,@BBC,"It doesn't matter where you're watching, as long as you're watching. ‚öΩÔ∏è‚öΩÔ∏è‚öΩÔ∏è

Millions of #ENG fans are watching‚Ä¶ https://t.co/geST9JHDr4",52
0.0,Wed Jul 11 19:16:46 +0000 2018,0.0,1.0,0.0,@BBC,"RT @5liveSport: Only three men have ever scored for #ENG in a semi-final of a #WorldCup

‚öΩ Sir Bobby Charlton
‚öΩ @GaryLineker
‚öΩ Kieran Tripp‚Ä¶",53
0.6705,Wed Jul 11 19:02:33 +0000 2018,0.0,0.776,0.224,@BBC,"RT @BBCOne: We‚Äôre pretty sure that exactly 53% of the population is covered in beer right now ü§îü§ó #ENGCRO #WorldCup

https://t.co/l5UTbo9n7x",54
0.3182,Wed Jul 11 19:02:02 +0000 2018,0.0,0.874,0.126,@BBC,A gripping reimagining of Joan Lindsay's iconic novel that delves into the mysterious disappearances of three schoo‚Ä¶ https://t.co/d4nPoQXIYJ,55
0.0,Wed Jul 11 18:50:03 +0000 2018,0.0,1.0,0.0,@BBC,"Half time in Moscow. 

#CRO 0-1 #ENG
Ôøº
Follow:

üì± https://t.co/5KN3TtJ2Zz  
üìª @5livesport

#ENGCRO #WorldCup https://t.co/TVSyyaX8dl",56
0.0,Wed Jul 11 18:06:07 +0000 2018,0.0,1.0,0.0,@BBC,"RT @BBCSport: GOAL!

What a start! What a goal!

Kieran Trippier whips a free-kick right in! 

#CRO 0-1 #ENG 

LIVE: 
üì± https://t.co/C5GtYW‚Ä¶",57
0.0,Wed Jul 11 18:00:11 +0000 2018,0.0,1.0,0.0,@BBC,"It's time. ‚öΩÔ∏è

#ENGCRO #worldcup #bbcworldcup https://t.co/A0zRUx5CVK",58
0.0,Wed Jul 11 17:57:05 +0000 2018,0.0,1.0,0.0,@BBC,"Prince Harry knows... #ItsComingHome Ô∏è‚öΩÔ∏è‚û°Ô∏èüè†

#ENGCRO #ENG #WorldCup #ThreeLions 

https://t.co/ouBlfHLWry",59
0.0,Wed Jul 11 17:01:04 +0000 2018,0.0,1.0,0.0,@BBC,"The @BBCEastenders prediction for tonight's #WorldCup semi-final? 

""Ta-ta Croatia!"" üëãüòÇ @MrDDyer

#ThreeLions‚Ä¶ https://t.co/wRv1AlP9s6",60
0.0,Wed Jul 11 16:01:05 +0000 2018,0.0,1.0,0.0,@BBC,"What's that David Attenborough... it's coming home? üè¥Û†ÅßÛ†Å¢Û†Å•Û†ÅÆÛ†ÅßÛ†ÅøÔ∏è‚öΩÔ∏èüèÜüòÜ

üîä Turn your sound on!  üîä

#WorldCup #ThreeLions‚Ä¶ https://t.co/fkYYIqg2fO",61
0.0,Wed Jul 11 13:03:06 +0000 2018,0.0,1.0,0.0,@BBC,The National Gallery has acquired its first work by a woman for 27 years. üñå https://t.co/WkCtpvqKtN https://t.co/NZRjCCw3z5,62
0.5994,Wed Jul 11 11:32:03 +0000 2018,0.0,0.692,0.308,@BBC,"The last time #ENG played a #WorldCup Semi Final, @bbceastenders looked like this... https://t.co/JeYtBettzm",63
0.3612,Wed Jul 11 11:02:02 +0000 2018,0.0,0.894,0.106,@BBC,"ü§î Game Boys, Vanilla Ice and a new TV programme called 'The Simpsons'... 

This is what #England looked like last t‚Ä¶ https://t.co/YTCXpNJvqb",64
0.0,Wed Jul 11 09:53:20 +0000 2018,0.0,1.0,0.0,@BBC,"RT @BBCSport: Just hold on...it's coming home.

#WorldCup #ThreeLions https://t.co/TCTpYhNV1s",65
0.5719,Wed Jul 11 09:32:05 +0000 2018,0.0,0.829,0.171,@BBC,"This will give you goosebumps. 

The last time England won a #WorldCup semi-final it was a 2-1 victory over Portuga‚Ä¶ https://t.co/2gRGni9S3y",66
-0.2732,Wed Jul 11 09:04:05 +0000 2018,0.095,0.905,0.0,@BBC,"In this city, a six-figure salary is considered 'low income' and not enough for a family of four to get by on.‚Ä¶ https://t.co/1qyDWTPSrG",67
0.5859,Wed Jul 11 08:00:00 +0000 2018,0.0,0.891,0.109,@BBC,"#BluePlanet2 ‚úÖ 
That unforgettable concert ‚úÖ 
Brilliant Bedtime Stories ‚úÖ
A new Doctor ‚úÖ
and so much more. Here are‚Ä¶ https://t.co/ZVSKIHOXDk",68
0.8499,Wed Jul 11 07:39:04 +0000 2018,0.0,0.584,0.416,@BBC,"RT @BBCSport: More of this please! üòä

#ENGCRO #ENG #ThreeLions #bbcworldcup https://t.co/706Vsdfy2Y",69
-0.8402,Wed Jul 11 07:33:03 +0000 2018,0.429,0.571,0.0,@BBC,"üíà‚öΩÔ∏èüôåüèæ Dead trims, missed penalties, 30 yard screamers, calling players out, football coming home...‚Ä¶ https://t.co/ZrrQJ1Qn9h",70
0.0,Wed Jul 11 07:03:05 +0000 2018,0.0,1.0,0.0,@BBC,"üå°üî•‚òÄÔ∏è This one goes out to all the gingers braving the sun today... 

https://t.co/4Ed3y2Xp0f",71
0.0,Tue Jul 10 20:02:05 +0000 2018,0.0,1.0,0.0,@BBC,"The heatwave has unveiled ancient hillforts and Roman settlements in Wales. üëâ
 https://t.co/L1VdHWkMP7 https://t.co/luXjJV5v3Y",72
0.0,Tue Jul 10 19:04:02 +0000 2018,0.0,1.0,0.0,@BBC,"Take a look at the rollercoaster years at Nokia, a company that dominated a nation. 

The Rise and Fall of Nokia |‚Ä¶ https://t.co/7uflzUaeTj",73
0.8625,Tue Jul 10 18:04:04 +0000 2018,0.0,0.61,0.39,@BBC,"Can you feel richer by giving your money away? üí∏ This lottery winner thinks so.

https://t.co/BgKlrEfssV",74
0.7717,Tue Jul 10 17:31:05 +0000 2018,0.0,0.676,0.324,@BBC,"'I wanted to live inside you like a parasite'. 

A letter to my first love üíåüëâ https://t.co/batgnuHRoi https://t.co/G0kGuLzHqU",75
-0.8338,Tue Jul 10 15:32:02 +0000 2018,0.34,0.593,0.066,@BBC,"üôÖNo one likes making mistakes, but messing up isn‚Äôt always a bad thing.

Here are six reasons why making mistakes c‚Ä¶ https://t.co/N7jMLZKLcE",76
0.7269,Tue Jul 10 15:14:38 +0000 2018,0.0,0.724,0.276,@BBC,"RT @bbctennis: Serena Williams has some pretty big names supporting her.

Oh hey, @Drake 

LIVEüëâhttps://t.co/RIpcahMeKm
üì∫ @BBCOne 
#bbctenn‚Ä¶",77
0.6763,Tue Jul 10 13:01:05 +0000 2018,0.079,0.68,0.242,@BBC,"No one does strawberries like we do in Britain! üçìüá¨üáßüç¶

Now they're in season, make the most of these delicious straw‚Ä¶ https://t.co/QKdHxenZNu",78
0.4939,Tue Jul 10 12:18:03 +0000 2018,0.0,0.868,0.132,@BBC,'Everyone safe': all 12 members of a Thai youth football team and their coach have been brought safely out of the c‚Ä¶ https://t.co/c5bzSFM2ND,79
0.0,Tue Jul 10 12:03:04 +0000 2018,0.0,1.0,0.0,@BBC,"Neelam and Dinesh‚Äôs son Akash took his own life three years ago. 

Now they‚Äôre trying to get the British Asian comm‚Ä¶ https://t.co/pX5ZIH2mj3",80
0.4588,Tue Jul 10 11:33:00 +0000 2018,0.073,0.769,0.158,@BBC,"Ever found something weird and wonderful on a British beach? 

@BBCFOUR will be LIVE from the Jurassic Coast next w‚Ä¶ https://t.co/CY4ej7SjQh",81
-0.5632,Tue Jul 10 11:04:01 +0000 2018,0.174,0.826,0.0,@BBC,"Have you ever seen a baby puffin? üê£

Experts worry we may not get the chance in the future if Scotland‚Äôs puffin pop‚Ä¶ https://t.co/uRKs7VXQMv",82
0.0,Tue Jul 10 09:17:05 +0000 2018,0.0,1.0,0.0,@BBC,RT @bbcweather: Remember to look up around 1pm today if you're in London / SE / Suffolk / Colchester / Chelmsford for the @RoyalAirForce #R‚Ä¶,83
0.3612,Tue Jul 10 09:06:27 +0000 2018,0.0,0.884,0.116,@BBC,"RT @BBCOne: ‚ÄúI felt like a piece of meat at a meat market‚Äù.

@BBCPanorama investigates President Donald Trump.

Tonight | 8.30pm | BBC One‚Ä¶",84
0.8402,Tue Jul 10 08:59:10 +0000 2018,0.0,0.5,0.5,@BBC,RT @BBCNews: Cave rescue: Divers ready to save remaining five Thais https://t.co/ed7GteDLor,85
0.0,Tue Jul 10 08:56:04 +0000 2018,0.0,1.0,0.0,@BBC,"RT @bbcweather: London's sunset last night, photographed by Funda Cizgenakad. Jo https://t.co/gijPHaWMpa",86
0.4939,Tue Jul 10 08:55:48 +0000 2018,0.0,0.878,0.122,@BBC,"RT @BBCSport: We have some exciting news...

@andy_murray will be joining the BBC commentary team this week at @Wimbledon 

üëâ https://t.co/‚Ä¶",87
0.0,Tue Jul 10 08:05:02 +0000 2018,0.0,1.0,0.0,@BBC,"Sue has looked after lots of orphaned wombats before, but Stacy is a real handful! üò≥

https://t.co/JCFTLP1Xjg",88
0.5719,Tue Jul 10 07:29:03 +0000 2018,0.0,0.829,0.171,@BBC,"Today, @sophieraworth presents live coverage of events to celebrate 100 years of aviation and endeavour in the Roya‚Ä¶ https://t.co/l0Of2zTYaH",89
0.6369,Mon Jul 09 20:02:05 +0000 2018,0.0,0.833,0.167,@BBC,"The greatest ice skater of all time, John Curry transformed a dated sport into an art form and made history by beco‚Ä¶ https://t.co/rKqQzp8Gv5",90
0.5994,Mon Jul 09 19:02:06 +0000 2018,0.0,0.818,0.182,@BBC,"‚ÄúI want to tell you honey you are the hero in my heart‚Äù

Saman Gunan's wife and father tell @BBCWorld about the man‚Ä¶ https://t.co/axL8XkMgc0",91
0.4767,Mon Jul 09 18:02:03 +0000 2018,0.0,0.78,0.22,@BBC,"That time David Attenborough made friends with a baby rhino. üò≠‚ù§Ô∏èÔ∏èü¶è #Africa 

https://t.co/Z5F0jaNk57",92
0.9403,Mon Jul 09 16:04:04 +0000 2018,0.0,0.505,0.495,@BBC,"Although they're great fun, they're not always great for the environment... 

Here's how to go to a festival withou‚Ä¶ https://t.co/tvnMfnCrlL",93
0.0,Mon Jul 09 15:51:05 +0000 2018,0.0,1.0,0.0,@BBC,"RT @BBCBreaking: Prince Louis arrives for his christening service at the Chapel Royal, St James's Palace

https://t.co/TGe9Ld5mpM https://t‚Ä¶",94
0.8268,Mon Jul 09 15:20:14 +0000 2018,0.0,0.701,0.299,@BBC,"RT @BBCRadio2: Happy International Town Criers' Day! Watch @chestercrier teach @ed_miliband how to do the perfect ""oyez""  üó£ https://t.co/Ha‚Ä¶",95
0.8221,Mon Jul 09 14:29:05 +0000 2018,0.0,0.664,0.336,@BBC,"""Can I drum?‚Äù ü•Åü§∑‚Äç‚ôÇÔ∏è

This is the amazing moment when @thekillers let a fan join them on stage at @TRNSMTfest! üôå‚Ä¶ https://t.co/6DnHpaJxer",96
-0.5423,Mon Jul 09 14:23:06 +0000 2018,0.22,0.78,0.0,@BBC,"RT @BBCBreaking: Boris Johnson resigns as UK Foreign Secretary, following the resignation of Brexit Secretary David Davis https://t.co/gFKn‚Ä¶",97
0.4215,Mon Jul 09 14:17:04 +0000 2018,0.0,0.872,0.128,@BBC,"Divers have rescued four more boys from the vast flooded cave system in northern Thailand.

Follow live updates her‚Ä¶ https://t.co/cuWPaHhVTW",98
-0.4767,Mon Jul 09 13:03:05 +0000 2018,0.205,0.795,0.0,@BBC,"Searching for the 'angel' who held me during the Westminster attack. 

https://t.co/Hgb96AhD1J https://t.co/SPXbsc6t1A",99
0.6597,Mon Jul 09 12:18:40 +0000 2018,0.115,0.531,0.354,@BBC,"RT @bbctennis: The number of Grand Slam singles titles won by today's Centre Court players.

üèÜüèÜüèÜüèÜüèÜüèÜüèÜüèÜüèÜüèÜüèÜüèÜüèÜüèÜüèÜüèÜüèÜüèÜüèÜüèÜüèÜüèÜüèÜüèÜüèÜüèÜüèÜüèÜüèÜüèÜüèÜüèÜüèÜüèÜüèÜüèÜüèÜüèÜüèÜüèÜüèÜüèÜüèÜüèÜüèÜüèÜ‚Ä¶",100
0.1139,Fri Jul 13 21:35:01 +0000 2018,0.0,0.922,0.078,@CBS,"Stand up. Speak up. Blow the whistle. 

Don't miss the premiere of the @TrueCrimeCBS series #Whistleblower tonight‚Ä¶ https://t.co/uNhx4Codc2",101
-0.4404,Fri Jul 13 21:15:41 +0000 2018,0.132,0.868,0.0,@CBS,"RT @TheNeighborhood: There's a new family on the block, and they're about to turn this neighborhood upside down. @CedEntertainer and @Tichi‚Ä¶",102
0.0,Fri Jul 13 17:49:38 +0000 2018,0.0,1.0,0.0,@CBS,Take a walk down @YandR_CBS memory lane with stars @JessWaltonYR and Peter Bergman! You can watch full episodes of‚Ä¶ https://t.co/MZEUfiJJyb,103
0.6514,Thu Jul 12 01:01:24 +0000 2018,0.0,0.718,0.282,@CBS,RT @TKOCBS: Prepare to have some major FUN. #TKO starts NOW! https://t.co/i2ftL6GCj5,104
0.5562,Wed Jul 11 21:44:45 +0000 2018,0.0,0.826,0.174,@CBS,"It‚Äôs fun, different, unique, and finally here! @TKOCBS hosted by @KevinHart4real premieres at 9/8c on CBS and‚Ä¶ https://t.co/MCeVLVK85i",105
0.5411,Wed Jul 11 19:09:34 +0000 2018,0.0,0.857,0.143,@CBS,"RT @MagnumPICBS: Talk about hands-on research! #MagnumPI's cast had the honor of joining the US Navy Submarine Force, US Pacific Fleet #Sub‚Ä¶",106
0.0,Mon Jul 09 23:55:07 +0000 2018,0.0,1.0,0.0,@CBS,Time to mark your calendars! CBS' fall 2018 premiere lineup has been announced: https://t.co/yYv3H9aEO7 https://t.co/lRxAA7suie,107
-0.3818,Mon Jul 09 18:53:34 +0000 2018,0.106,0.894,0.0,@CBS,"RT @TKOCBS: The Ball Buster, the Frisboom, the Spike Launcher, and the Slammer‚Ä¶ Get to know all of the #TKO Battle Stations: https://t.co/2‚Ä¶",108
0.3182,Mon Jul 09 18:09:00 +0000 2018,0.0,0.897,0.103,@CBS,"RT @cbsallaccess: How much does it cost to bury the truth? #OneDollar premieres August 30, exclusively on CBS All Access. https://t.co/2HdY‚Ä¶",109
0.4019,Fri Jul 06 22:22:55 +0000 2018,0.0,0.847,0.153,@CBS,"RT @SalvationCBS: Mark your calendars, #Salvies: Monday's new #SalvationCBS will air at a special time, 10/9c. https://t.co/RUh1J7cfj8",110
0.8622,Fri Jul 06 18:26:37 +0000 2018,0.0,0.61,0.39,@CBS,Happy #InternationalKissingDay! See which stars we caught locking lips on the CBS Kiss Cam. üòò https://t.co/oMPCHZlgCl,111
0.3612,Thu Jul 05 21:12:17 +0000 2018,0.0,0.898,0.102,@CBS,Have you heard? Tonight's the first Live Show of #BB20. Grab a seat and get ready to watch the action unfold on CBS‚Ä¶ https://t.co/0YgRV1HLGd,112
0.3182,Mon Jul 02 21:13:11 +0000 2018,0.0,0.892,0.108,@CBS,"How much does it cost to bury the truth? #OneDollar premieres Thursday, August 30, exclusively on CBS All Access.‚Ä¶ https://t.co/1tab8eCaFz",113
0.0,Mon Jul 02 20:47:32 +0000 2018,0.0,1.0,0.0,@CBS,Take a first look at our @Comic_Con lineup along with details of what you can expect to see:‚Ä¶ https://t.co/JqBtlKcwq3,114
0.0,Mon Jul 02 17:27:06 +0000 2018,0.0,1.0,0.0,@CBS,RT @TrueCrimeCBS: Two new true-crime series are set to premiere this July on CBS! Learn more about #Whistleblower and #PinkCollarCrimes bef‚Ä¶,115
0.5411,Mon Jul 02 17:00:02 +0000 2018,0.0,0.741,0.259,@CBS,"If at first you don‚Äôt succeed on @PriceIsRight‚Ä¶bid, bid again! https://t.co/OWBaOsFZ3i",116
0.0,Wed Jun 27 20:31:32 +0000 2018,0.0,1.0,0.0,@CBS,What‚Äôs summer without @CBSBigBrother? ‚òÄÔ∏è RT if you‚Äôre counting down the hours to the #BB20 premiere TONIGHT at 8/7c‚Ä¶ https://t.co/Xp1s4Fp5J8,117
0.7574,Wed Jun 27 14:00:01 +0000 2018,0.0,0.711,0.289,@CBS,"It looks like you...

(‚Ä¢_‚Ä¢)
( ‚Ä¢_‚Ä¢)&gt;‚åê‚ñ†-‚ñ†
(‚åê‚ñ†_‚ñ†)

Have a lot of TV to watch!

Celebrate #NationalSunglassesDay with H‚Ä¶ https://t.co/Babt4ajIgV",118
0.5574,Mon Jun 25 18:20:25 +0000 2018,0.0,0.796,0.204,@CBS,The world will finally know the truth. ‚òÑÔ∏è Make sure to tune in to the heart-pounding Season 2 premiere of‚Ä¶ https://t.co/mqMleW90DY,119
0.1867,Fri Jun 22 21:19:06 +0000 2018,0.0,0.902,0.098,@CBS,Tonight's the night! Don't miss model @ashleygraham on the season finale of Celebrity @undercover_cbs at 8/7c. https://t.co/iBxAOcOF7a,120
0.4199,Fri Jun 22 18:33:53 +0000 2018,0.0,0.811,0.189,@CBS,"Every day is #TakeYourDogToWorkDay for shows like @HawaiiFive0CBS, @MomCBS, @SEALTeamCBS, and @bigbangtheory! https://t.co/DJaOt1VQcw",121
0.4926,Thu Jun 21 23:29:50 +0000 2018,0.0,0.803,0.197,@CBS,"Lights, camera, selfie! üì∏¬†Could there be a better photo for #NationalSelfieDay? https://t.co/14Ewx64yKC",122
0.3555,Wed Jun 20 00:39:01 +0000 2018,0.122,0.68,0.199,@CBS,There‚Äôs nothing quite like watching a contestant win a brand new car on @PriceIsRight. üëè  https://t.co/aKlFikYAMM,123
0.0,Mon Jun 18 20:27:50 +0000 2018,0.0,1.0,0.0,@CBS,Time to make your predictions for #BB20! üëè Get to know the @CBSBigBrother Houseguests before the big premiere next‚Ä¶ https://t.co/jlpIchJ9sk,124
0.0,Mon Jun 18 15:00:46 +0000 2018,0.0,1.0,0.0,@CBS,RT @CBSBigBrother: Meet the cast of #BB20... before anyone else! Start streaming all their live interviews beginning at 11am EST/8am PST on‚Ä¶,125
0.9392,Sun Jun 17 13:00:01 +0000 2018,0.0,0.507,0.493,@CBS,"Today and every day we celebrate their love, guidance, and support. Happy #FathersDay to every kind of dad! https://t.co/Wffax1khBH",126
0.3595,Fri Jun 15 18:48:29 +0000 2018,0.0,0.872,0.128,@CBS,"Casting Alert! @paulwesley, @DaniaJRamirez &amp; @JamesWolk are set to star in the upcoming CBS All Access psychologica‚Ä¶ https://t.co/JnZMrzT92n",127
-0.296,Thu Jun 14 17:30:00 +0000 2018,0.167,0.833,0.0,@CBS,"In case you missed it, watch the entire #TonyAwards now: https://t.co/Bm0yNV3Ff3 https://t.co/h3YnFkmSQJ",128
0.1779,Thu Jun 14 16:19:32 +0000 2018,0.12,0.734,0.147,@CBS,RT @StrangeAngel: Mastermind or maniac? Explore the brilliant mind of Jack Parsons in #StrangeAngel. Now streaming on CBS All Access: https‚Ä¶,129
-0.5562,Tue Jun 12 00:19:23 +0000 2018,0.315,0.551,0.134,@CBS,"No pain, no gain, ALL Hart! Just one month until the premiere of @TKOCBS hosted by @KevinHart4real. https://t.co/C1yMCglxVn",130
0.5093,Mon Jun 11 22:23:06 +0000 2018,0.0,0.829,0.171,@CBS,"RT @TheNeighborhood: Welcome to #TheNeighborhood, @BethBehrs! The @2BrokeGirls star returns to @CBS in a new sitcom alongside @CedEntertain‚Ä¶",131
-0.296,Mon Jun 11 19:01:38 +0000 2018,0.167,0.833,0.0,@CBS,"In case you missed it, watch the entire #TonyAwards now: https://t.co/Bm0yNV3Ff3 https://t.co/3GA5otlcPa",132
0.0,Mon Jun 11 14:00:37 +0000 2018,0.0,1.0,0.0,@CBS,How do you know @SaraBareilles and @joshgroban's music? #TonyAwards https://t.co/POMXBORfUT,133
0.0,Mon Jun 11 06:19:36 +0000 2018,0.0,1.0,0.0,@CBS,Here are all the performances from the 2018 #TonyAwards: https://t.co/gN4ItpFlRd https://t.co/fSMNBXKC9r,134
0.4767,Mon Jun 11 06:04:41 +0000 2018,0.0,0.78,0.22,@CBS,See the complete list of winners from the 2018 #TonyAwards: https://t.co/9XK6CGeber https://t.co/HkUIN4Quej,135
0.8478,Mon Jun 11 03:10:33 +0000 2018,0.0,0.594,0.406,@CBS,An end to a magical evening. The Band's Visit wins for Best Musical! #TonyAwards https://t.co/ODza97n8YH,136
0.92,Mon Jun 11 03:02:06 +0000 2018,0.0,0.537,0.463,@CBS,Congratulations are in order for @TheKatrinaLenk! She just won for Best Leading Actress in a Musical. #TonyAwards https://t.co/t9bNvpiEmH,137
0.4404,Mon Jun 11 02:58:30 +0000 2018,0.088,0.737,0.175,@CBS,"RT @CBSThisMorning: Hmm... something seems off here @SaraBareilles @JoshGroban. üòÇ

@WaitressMusical @GreatCometBway #TonyAwards https://t.c‚Ä¶",138
0.4404,Mon Jun 11 02:56:40 +0000 2018,0.0,0.847,0.153,@CBS,RT @_stobin13: watching the #TonyAwards after going to 3 broadway shows this weekend makes it even better üòçü§©,139
0.836,Mon Jun 11 02:56:10 +0000 2018,0.0,0.533,0.467,@CBS,Tony Shalhoub wins Best Leading Actor in a Musical. #TonyAwards   #TheBandsVisit https://t.co/KcUDSicKI5,140
0.0,Mon Jun 11 02:53:00 +0000 2018,0.0,1.0,0.0,@CBS,The Boss looks right at home on the #TonyAwards stage! https://t.co/pwjv4iydkn,141
0.6369,Mon Jun 11 02:47:29 +0000 2018,0.0,0.682,0.318,@CBS,RT @Aatamianphoto: Springsteen is on the #TonyAwards and I love it.,142
0.7978,Mon Jun 11 02:44:50 +0000 2018,0.0,0.457,0.543,@CBS,Inspiration: Get to your YES! #OnceOnThisIsland #TonyAwards https://t.co/Wjp0QIWfXq,143
0.9523,Mon Jun 11 02:44:37 +0000 2018,0.0,0.484,0.516,@CBS,The feeling when you win a Tony. üôå¬†Congratulations to Once on This Island for winning Best Revival of a Musical!‚Ä¶ https://t.co/UpFCqgBTwh,144
0.5994,Mon Jun 11 02:33:09 +0000 2018,0.0,0.698,0.302,@CBS,What a beautiful performance by the cast of #TheBandsVisit. #TonyAwards https://t.co/4Hw96kZvrf,145
0.4215,Mon Jun 11 02:29:18 +0000 2018,0.0,0.877,0.123,@CBS,"""I'm a living example of how theatre can change you - and it didn't just change me, it saved me."" @JohnLeguizamo at‚Ä¶ https://t.co/4ICwMhb6hv",146
0.8932,Mon Jun 11 02:23:56 +0000 2018,0.0,0.483,0.517,@CBS,Angels in America takes the win for Best Revival of a Play! #TonyAwards https://t.co/zodW61tw8a,147
0.0,Mon Jun 11 02:21:03 +0000 2018,0.0,1.0,0.0,@CBS,"RT @leahableson: The Once On This Island Goat And Chicken made it to the broadcast, Mama WILL provide #TonyAwards",148
0.0,Mon Jun 11 02:16:06 +0000 2018,0.0,1.0,0.0,@CBS,That performance was the GOAT. #TonyAwards https://t.co/mtoU92HipQ,149
0.8908,Mon Jun 11 02:11:03 +0000 2018,0.0,0.509,0.491,@CBS,Harry Potter and the Cursed Child wins Best Play at the #TonyAwards! @HPPlayNYC https://t.co/WIqJQmtAlN,150
0.0,Mon Jun 11 02:05:47 +0000 2018,0.0,1.0,0.0,@CBS,üé∂ ‚ÄúLet's dance this last dance tonight.‚Äù üé∂ #TonyAwards #DonnaSummerMusical https://t.co/UAIaglChfv,151
0.4926,Mon Jun 11 02:03:31 +0000 2018,0.0,0.738,0.262,@CBS,Hope he brought enough birthday cake for everyone! #TonyAwards https://t.co/FlLbKV6oj8,152
0.5093,Mon Jun 11 01:58:48 +0000 2018,0.0,0.477,0.523,@CBS,@writerlindsayb You're welcome! #TonyAwards,153
0.7579,Mon Jun 11 01:53:17 +0000 2018,0.0,0.519,0.481,@CBS,RT @hjmayer8: I sure do love @DearEvanHansen üíô #TonyAwards,154
0.6467,Mon Jun 11 01:51:16 +0000 2018,0.0,0.752,0.248,@CBS,"RT @Valerie4815: What a birthday present, the Tony audience singing happy birthday to you!! #TonyAwards",155
0.0,Mon Jun 11 01:38:23 +0000 2018,0.0,1.0,0.0,@CBS,If only this performance could go on forever. #TonyAwards @FrozenBroadway https://t.co/p2BMUvyTxr,156
0.636,Mon Jun 11 01:37:36 +0000 2018,0.0,0.724,0.276,@CBS,RT @anna_villanueva: Magnificent performance from the cast of @FrozenBroadway! #TonyAwards2018 #TonyAwards #Tonys,157
0.8834,Mon Jun 11 01:30:56 +0000 2018,0.0,0.437,0.563,@CBS,Glenda Jackson wins Best Leading Actress in a Play. #TonyAwards @threetallwomen https://t.co/GRp1gcBuiW,158
0.0,Mon Jun 11 01:29:21 +0000 2018,0.0,1.0,0.0,@CBS,.@SaraBareilles is totally a Gryffindor. #TonyAwards https://t.co/OPQ7esk2dn,159
0.7351,Mon Jun 11 01:26:03 +0000 2018,0.079,0.625,0.296,@CBS,RT @IzzyNY202: How impressive are these Marjory Stoneman Douglas students? That #TonyAwards performance reduced me to tears. Amazing.,160
0.0,Mon Jun 11 01:25:59 +0000 2018,0.0,1.0,0.0,@CBS,RT @KatLargent: MAGIC #TonyAwards,161
0.0,Mon Jun 11 01:24:46 +0000 2018,0.0,1.0,0.0,@CBS,Such a touching moment at the #TonyAwards. ‚ù§Ô∏è https://t.co/4kJWTHVPZ8,162
0.4019,Mon Jun 11 01:24:12 +0000 2018,0.0,0.838,0.162,@CBS,.@Matt_Morrison welcomes the Marjory Stoneman Douglas High School theatre department to the stage. #TonyAwards https://t.co/5dxa9smeka,163
0.9151,Mon Jun 11 01:19:59 +0000 2018,0.0,0.543,0.457,@CBS,So many feels at the #TonyAwards. Congratulations to @arielstachel for winning Best Featured Actor in a Musical!‚Ä¶ https://t.co/m1aRNIHPRK,164
0.6369,Mon Jun 11 01:12:31 +0000 2018,0.0,0.625,0.375,@CBS,RT @McBenefit: I love everything about you @UzoAduba. #TonyAwards,165
0.1511,Mon Jun 11 01:08:28 +0000 2018,0.0,0.898,0.102,@CBS,RT if that musical number by the cast of Carousel blew you away! #TonyAwards https://t.co/CMzMNtcAQO,166
0.1531,Mon Jun 11 01:08:24 +0000 2018,0.0,0.852,0.148,@CBS,Nathan Lane saw his #AngelsinAmerica role as a challenge. How will you challenge yourself in 2018? #TonyAwards https://t.co/3WXd6AqgBi,167
0.8834,Mon Jun 11 01:02:47 +0000 2018,0.0,0.437,0.563,@CBS,Nathan Lane wins Best Featured Actor in a Play. #TonyAwards @angelsbway https://t.co/xc8M7JtLDE,168
0.0,Mon Jun 11 00:58:06 +0000 2018,0.0,1.0,0.0,@CBS,üåü¬†@joshgroban and @SaraBareilles are Host Goals. üåü #TonyAwards https://t.co/OGQec8cXJ6,169
0.2714,Mon Jun 11 00:52:34 +0000 2018,0.0,0.793,0.207,@CBS,RT @adub369: This is unbelievable! @SaraBareilles and @joshgroban #TonyAwards,170
0.0,Mon Jun 11 00:51:11 +0000 2018,0.0,1.0,0.0,@CBS,Who lives in a pineapple and just performed at The Tonys? üççüé∂ The cast of SpongeBob SquarePants: The Musical!‚Ä¶ https://t.co/mvFxdh9UJi,171
0.8883,Mon Jun 11 00:50:18 +0000 2018,0.0,0.433,0.567,@CBS,‚ú® @LindsayMendez wins Best Featured Actress in a Musical! #TonyAwards @carouselbway https://t.co/MtgFowscN5,172
0.9134,Mon Jun 11 00:45:14 +0000 2018,0.0,0.387,0.613,@CBS,A big congratulations to @springsteen for his Special Tony award! ‚ú®¬†#TonyAwards https://t.co/i16u8uv9aT,173
0.0,Mon Jun 11 00:44:36 +0000 2018,0.0,1.0,0.0,@CBS,Can the 73rd annual #TonyAwards just be three-hours of @TitussBurgess? https://t.co/3rCZwwTUtv,174
0.25,Mon Jun 11 00:35:41 +0000 2018,0.0,0.92,0.08,@CBS,"RT @CBSThisMorning: ""We know there are a lot of you out there who have photos of yourself in school plays or community theater."" Post your‚Ä¶",175
0.4588,Mon Jun 11 00:34:45 +0000 2018,0.0,0.85,0.15,@CBS,Keep your acceptance speeches short or else the #TonyAwards will get the angels involved. #AngelsInAmerica üëº https://t.co/oznhezRzDc,176
0.0,Mon Jun 11 00:31:28 +0000 2018,0.0,1.0,0.0,@CBS,"If you haven't started singing, you will be the rest of the night. #TonyAwards #MyFairLady https://t.co/jbGXwnru8N",177
0.3612,Mon Jun 11 00:27:42 +0000 2018,0.0,0.737,0.263,@CBS,RT @marialena_rago: I like this opener for @MyFairLadyBway #TonyAwards,178
0.8908,Mon Jun 11 00:27:00 +0000 2018,0.0,0.43,0.57,@CBS,Laurie Metcalf wins Best Featured Actress in a Play! #TonyAwards @threetallwomen https://t.co/y4teyJaRPs,179
0.0,Mon Jun 11 00:24:31 +0000 2018,0.0,1.0,0.0,@CBS,Tina Fey has a boat?? #MeanGirls #TonyAwards https://t.co/phYxmHMd3d,180
0.0,Mon Jun 11 00:22:15 +0000 2018,0.0,1.0,0.0,@CBS,Representing the hardest-working men and women in Broadway‚Ä¶¬†ensemble members from every nominated musical tonight!‚Ä¶ https://t.co/imlEEnOUla,181
0.6369,Mon Jun 11 00:22:15 +0000 2018,0.0,0.588,0.412,@CBS,RT @misschae: I love theatre so much. #TonyAwards,182
0.0,Mon Jun 11 00:18:16 +0000 2018,0.0,1.0,0.0,@CBS,On Wednesdays they wear pink and on Sundays they perform at the #TonyAwards. üíï Who thought that performance by the‚Ä¶ https://t.co/w7QDkaX6kF,183
0.6369,Mon Jun 11 00:13:27 +0000 2018,0.0,0.756,0.244,@CBS,"RT @MichaelJMoritz: ""We are all made perfectly and we all belong‚Äù - Andrew Garfield #TonyAwards",184
0.8834,Mon Jun 11 00:12:31 +0000 2018,0.0,0.437,0.563,@CBS,Andrew Garfield wins Best Leading Actor in a Play. #TonyAwards @angelsbway https://t.co/s2VQnw6IPP,185
0.6696,Mon Jun 11 00:06:39 +0000 2018,0.0,0.64,0.36,@CBS,"RT @nightingalen: Love this opening song! @joshgroban
@SaraBarreilles 
#TonyAwards",186
0.3182,Mon Jun 11 00:04:15 +0000 2018,0.0,0.85,0.15,@CBS,‚ú® @joshgroban and @SaraBareilles take the stage to begin an unforgettable evening. #TonyAwards https://t.co/y9uzlK2DzO,187
0.0,Sun Jun 10 23:59:00 +0000 2018,0.0,1.0,0.0,@CBS,Grab your popcorn... it's time for the #TonyAwards! Go and stream the entire show now: https://t.co/Wo1algQHix https://t.co/JGYTk4NPDN,188
0.4374,Sun Jun 10 23:18:15 +0000 2018,0.0,0.855,0.145,@CBS,‚ú® @thegoodfight's Christine Baranski has arrived on the #TonyAwards red carpet! Watch LIVE at 8/7c on CBS! https://t.co/XnXAnPtRrc,189
0.0,Sun Jun 10 22:01:25 +0000 2018,0.0,1.0,0.0,@CBS,"The hosts have arrived! We're LIVE with @SaraBareilles, @joshgroban and more on the #TonyAwards red carpet hosted b‚Ä¶ https://t.co/NtarbgywLe",190
0.4184,Sun Jun 10 15:00:01 +0000 2018,0.0,0.843,0.157,@CBS,Tonight's the night! Join @etnow's @DDirecto on the #TonyAwards' red carpet starting at 5PM ET! https://t.co/hZLOSiIRAT,191
0.68,Sat Jun 09 21:00:02 +0000 2018,0.0,0.763,0.237,@CBS,These two know a thing or two about awards! Watch them light up the stage tomorrow at the #TonyAwards. ‚ú® https://t.co/KHVZp65oLS,192
0.0,Sat Jun 09 16:00:00 +0000 2018,0.0,1.0,0.0,@CBS,Here's everything you need to know before watching the #TonyAwards this Sunday at 8/7c: https://t.co/jcRgNGmLUZ https://t.co/8suUhVPFK6,193
0.296,Fri Jun 08 19:46:17 +0000 2018,0.0,0.82,0.18,@CBS,Join @etnow's @DDirecto this Sunday on the #TonyAwards' red carpet. https://t.co/7jS8g10KmY,194
0.0,Fri Jun 08 15:00:03 +0000 2018,0.0,1.0,0.0,@CBS,Here's @laChanze with a reminder that you can stream the #TonyAwards this Sunday on CBS All Access! https://t.co/8TDEXzKmyQ,195
0.9078,Fri Jun 08 13:58:15 +0000 2018,0.0,0.564,0.436,@CBS,"We all get by with a little help from our friends, so what better way to celebrate #NationalBestFriendsDay than to‚Ä¶ https://t.co/pIZezbBwaT",196
0.3612,Thu Jun 07 17:03:26 +0000 2018,0.0,0.872,0.128,@CBS,"Get ready for show-stopping performances by the casts of the 2018 Tony-nominated shows Mean Girls, SpongeBob Square‚Ä¶ https://t.co/NiSx9Bbw0F",197
0.2732,Wed Jun 06 21:00:24 +0000 2018,0.105,0.719,0.176,@CBS,Don‚Äôt miss a special performance from @springsteen this Sunday at the #TonyAwards: https://t.co/LYYdleaFwU https://t.co/IKkKoITH9y,198
0.3595,Wed Jun 06 00:08:30 +0000 2018,0.0,0.872,0.128,@CBS,"RT @CBSThisMorning: .@SaraBareilles and @joshgroban are hosting this Sunday's @TheTonyAwards on @CBS! 

Wednesday, they'll join us LIVE on‚Ä¶",199
-0.4404,Tue Jun 05 22:23:35 +0000 2018,0.177,0.723,0.1,@CBS,"RT @SU2C: SU2C telecast Co-Executive Producer Bradley Cooper sits down with Mitch Carbon, a pediatric cancer survivor who benefited from #S‚Ä¶",200
0.0,Sat Jul 14 19:15:10 +0000 2018,0.0,1.0,0.0,@CNN,"In Europe, First Lady Melania Trump is the Trump sticking to the script https://t.co/odZGVA2sfq https://t.co/0ZtVvImGrw",201
-0.5106,Sat Jul 14 19:00:12 +0000 2018,0.258,0.633,0.109,@CNN,A senior National Security Council official who argued for increasing US refugee admissions and feuded with senior‚Ä¶ https://t.co/oELKfzIiK5,202
-0.3252,Sat Jul 14 18:45:08 +0000 2018,0.127,0.873,0.0,@CNN,The British public doesn't appear amused with President Trump walking in front of Queen Elizabeth II‚Ä¶ https://t.co/9g5x8lMe0q,203
-0.296,Sat Jul 14 18:30:17 +0000 2018,0.167,0.833,0.0,@CNN,Here's what you might have missed during a busy news week https://t.co/rv1W25n2Iw https://t.co/MXMHXycOXl,204
-0.5719,Sat Jul 14 18:15:00 +0000 2018,0.17,0.769,0.061,@CNN,Philando Castile was fatally shot by police in Minnesota in 2016 ‚Äî then came the Russian trolls. An exclusive CNN i‚Ä¶ https://t.co/snbZHI833T,205
-0.34,Sat Jul 14 18:03:36 +0000 2018,0.211,0.789,0.0,@CNN,Israelis and Palestinians exchange fire along Gaza border https://t.co/YFUZAkkv5i https://t.co/dAFsl7lqaU,206
0.6553,Sat Jul 14 18:00:04 +0000 2018,0.0,0.789,0.211,@CNN,Is it dark? And are you wearing sunglasses? You‚Äôre ready for the return of the CNN series #History of Comedy. Hear‚Ä¶ https://t.co/spOWGQNvT1,207
0.4215,Sat Jul 14 17:45:00 +0000 2018,0.0,0.877,0.123,@CNN,"The Thai boys rescued from a cave after nearly three weeks are ""sitting up in their beds"" and ""sending thank-you me‚Ä¶ https://t.co/m00GEVO4Nr",208
-0.3612,Sat Jul 14 17:38:39 +0000 2018,0.163,0.837,0.0,@CNN,Serena Williams' fairytale return from maternity leave fell one match short as she lost to Angelique Kerber in the‚Ä¶ https://t.co/5max8jzFCc,209
0.0,Sat Jul 14 17:28:24 +0000 2018,0.0,1.0,0.0,@CNN,Secretary of State Mike Pompeo says President Trump should proceed with his summit with Russian President Vladimir‚Ä¶ https://t.co/szEb8ClWru,210
-0.4215,Sat Jul 14 17:11:35 +0000 2018,0.149,0.851,0.0,@CNN,"In Scotland, @PhilBlackCNN reports ""thousands of people"" have been rallying and protesting against Trump. One prote‚Ä¶ https://t.co/3Z1l8nN5we",211
0.5859,Sat Jul 14 16:53:47 +0000 2018,0.0,0.798,0.202,@CNN,"Germany's Angelique Kerber beats American Serena Williams 6-3, 6-3 to win her first Wimbledon championship‚Ä¶ https://t.co/qvmrNpeovo",212
0.5859,Sat Jul 14 16:35:05 +0000 2018,0.0,0.798,0.202,@CNN,"Germany's Angelique Kerber beats American Serena Williams 6-2, 6-3 to win her first Wimbledon championship‚Ä¶ https://t.co/tJUTOpoTjR",213
0.4215,Sat Jul 14 16:30:50 +0000 2018,0.0,0.865,0.135,@CNN,"""What happened to when we were united against a common enemy?"" CNN's @smerconish slams partisan reactions to the ""t‚Ä¶ https://t.co/IQMCH75fBd",214
0.4939,Sat Jul 14 16:15:00 +0000 2018,0.083,0.744,0.174,@CNN,"""Probably the best course of action is to cancel this meeting."" Democratic Rep. Mike Quigley says President Trump s‚Ä¶ https://t.co/8UVkrBidZj",215
0.0,Sat Jul 14 16:03:49 +0000 2018,0.0,1.0,0.0,@CNN,"Belgium beats England 2-0, finishing third place in the World Cup https://t.co/CgOfxgNZCd https://t.co/Rag2LuM3bW",216
0.128,Sat Jul 14 15:45:09 +0000 2018,0.115,0.705,0.181,@CNN,Novak Djokovic outlasts Rafael Nadal in Wimbledon semifinal to reach his first grand slam final in two years‚Ä¶ https://t.co/6lUvpufaOc,217
0.0258,Sat Jul 14 15:30:06 +0000 2018,0.0,0.927,0.073,@CNN,Why Emmett Till's case matters to American history and our future https://t.co/dp49PtgYwG (via @CNNOpinion) https://t.co/4V6VYmNyfj,218
0.6597,Sat Jul 14 15:15:10 +0000 2018,0.0,0.748,0.252,@CNN,A paragliding protester hovered within surprising proximity of Trump on Friday as the President admired the view fr‚Ä¶ https://t.co/UB9Dgswldg,219
-0.1027,Sat Jul 14 15:01:05 +0000 2018,0.217,0.583,0.2,@CNN,"Director of National Intelligence Dan Coats raises the alarm on growing cyberattack threats against the US, saying‚Ä¶ https://t.co/sLfH84NISw",220
0.5106,Sat Jul 14 14:52:07 +0000 2018,0.0,0.732,0.268,@CNN,How Finland has survived in Russia's dark shadow https://t.co/uaqYYKM8PB https://t.co/vCromYSYn4,221
-0.4215,Sat Jul 14 14:01:48 +0000 2018,0.215,0.629,0.156,@CNN,This 12-year-old who is battling a rare bone cancer had her wish granted when she got to see the ocean and learn to‚Ä¶ https://t.co/OqpMmp7aoA,222
0.0,Sat Jul 14 13:46:05 +0000 2018,0.0,1.0,0.0,@CNN,Newly-discovered fossils suggest giant dinosaurs evolved millions of years earlier than scientists thought https://t.co/1qJw5J5dhi,223
0.0,Sat Jul 14 13:31:00 +0000 2018,0.0,1.0,0.0,@CNN,"Meet Care-E, the automated airport assistant that scans a boarding pass, carries luggage and guides passengers to t‚Ä¶ https://t.co/c12TfEbuCS",224
0.4404,Sat Jul 14 13:01:03 +0000 2018,0.0,0.868,0.132,@CNN,"Scientists have discovered the world's oldest color. It's bright pink -- the color of bubble gum, flamingos and cot‚Ä¶ https://t.co/pXGHjWw5yb",225
0.7096,Sat Jul 14 12:46:07 +0000 2018,0.0,0.772,0.228,@CNN,"From the biggest street art party in Hong Kong to a community art tour, here are six Instagrammable ways to enjoy H‚Ä¶ https://t.co/1MJl9Bgfc1",226
0.0,Sat Jul 14 12:31:02 +0000 2018,0.0,1.0,0.0,@CNN,"Stitch Fix is tapping into the children's apparel market, launching subscription boxes with sizes 2T to 14. Founder‚Ä¶ https://t.co/VE939a8HoA",227
0.0,Sat Jul 14 12:01:05 +0000 2018,0.0,1.0,0.0,@CNN,"Archaeologists unearth a mysterious sarcophagus in Egypt 
https://t.co/Z5XE26NQuK https://t.co/QbVllJbH6F",228
-0.3412,Sat Jul 14 11:31:00 +0000 2018,0.131,0.869,0.0,@CNN,It's not always easy going green. Starbucks and Nestl√© customers embraced the brands' moves to environmentally-frie‚Ä¶ https://t.co/zVa4gcuLL8,229
-0.7964,Sat Jul 14 11:01:04 +0000 2018,0.309,0.618,0.073,@CNN,5-year-old Garrett Matthias prepared his own obituary before he died from a rare form of pediatric cancer. In words‚Ä¶ https://t.co/kvDtKV3C0J,230
0.0,Sat Jul 14 10:31:00 +0000 2018,0.0,1.0,0.0,@CNN,Starbucks is going strawless. The coffee company announced Monday that it will phase out plastic straws from all of‚Ä¶ https://t.co/4nPdL5wkfC,231
-0.0772,Sat Jul 14 10:16:11 +0000 2018,0.067,0.933,0.0,@CNN,Scientists at the Teopanzolco archeological site discovered an ancient temple this week that was exposed by the dev‚Ä¶ https://t.co/NI106NMNKQ,232
-0.5267,Sat Jul 14 10:02:10 +0000 2018,0.159,0.841,0.0,@CNN,A French bulldog named Darcy was given an oxygen mask on a JetBlue flight after showing signs of distress. Darcy's‚Ä¶ https://t.co/BfzWbTXPzn,233
0.4939,Sat Jul 14 09:46:04 +0000 2018,0.0,0.833,0.167,@CNN,"In an experiment, Australian scientists have successfully wiped out more than 80% of disease-carrying mosquitoes in‚Ä¶ https://t.co/SKnF8K2Fiw",234
0.7351,Sat Jul 14 09:31:00 +0000 2018,0.0,0.744,0.256,@CNN,A rescue organization in the Turks and Caicos Islands finds good homes for stray potcake puppies -- and allows tour‚Ä¶ https://t.co/iNMmocN8kl,235
0.0,Sat Jul 14 09:01:03 +0000 2018,0.0,1.0,0.0,@CNN,"The US Navy has expanded its hair rules for female sailors, now permitting braids, ponytails and lock hairstyles‚Ä¶ https://t.co/dOUdRk9UTb",236
0.7717,Sat Jul 14 08:31:00 +0000 2018,0.0,0.642,0.358,@CNN,There is now only one Blockbuster store left in the United States https://t.co/eVtGl36DfQ https://t.co/mSVPk9Ctj8,237
0.0,Sat Jul 14 08:01:07 +0000 2018,0.0,1.0,0.0,@CNN,Shark bites Instagram model posing in the Bahamas https://t.co/w8PWXHQQA9 https://t.co/PDEQl5ItJK,238
-0.34,Sat Jul 14 07:31:00 +0000 2018,0.18,0.738,0.082,@CNN,"Build-A-Bear was forced to turn customers away after an onslaught of people came to take advantage of its ""pay your‚Ä¶ https://t.co/mQstVtHGrj",239
-0.7964,Sat Jul 14 07:01:41 +0000 2018,0.253,0.747,0.0,@CNN,"Hawaii just became the first state in the US to ban the sale of sunscreens that can harm coral reefs. Banana Boat,‚Ä¶ https://t.co/3gDJp7a6Pr",240
0.4215,Sat Jul 14 06:31:00 +0000 2018,0.0,0.851,0.149,@CNN,The first underwater museum in the United States has opened off the coast of northwest Florida‚Ä¶ https://t.co/U10bURPlJy,241
-0.5423,Sat Jul 14 06:01:04 +0000 2018,0.2,0.8,0.0,@CNN,"A flight from Hong Kong to the Chinese mainland suddenly lost air pressure and dropped nearly 20,000 feet because t‚Ä¶ https://t.co/PwqdFH1baL",242
-0.5574,Sat Jul 14 05:46:07 +0000 2018,0.175,0.825,0.0,@CNN,The world's largest water slide will be demolished after a boy died on the ride in 2016 https://t.co/qy7pPAIIpj https://t.co/5B2eS3BeUG,243
0.0,Sat Jul 14 05:31:00 +0000 2018,0.0,1.0,0.0,@CNN,"A particle called a neutrino was detected on Earth, found by sensors deep in the Antarctic ice, and traced to its s‚Ä¶ https://t.co/2hYUZxCN18",244
0.4005,Sat Jul 14 05:16:04 +0000 2018,0.072,0.77,0.159,@CNN,Donald Trump says he's more popular than Abraham Lincoln. That's a hard claim to back up. https://t.co/OuPCv74UuU https://t.co/8Vq521unnS,245
-0.5574,Sat Jul 14 05:05:03 +0000 2018,0.159,0.841,0.0,@CNN,"Nancy Sinatra, the first wife of singer Frank Sinatra, died Friday at the age of 101, her daughter said https://t.co/Vrg3IJD89f",246
-0.5423,Sat Jul 14 05:01:07 +0000 2018,0.211,0.717,0.072,@CNN,A Florida man had a heart attack while laying sod in his front yard to avoid getting a fine from his homeowner's as‚Ä¶ https://t.co/kR8NfiUSis,247
0.4019,Sat Jul 14 04:46:08 +0000 2018,0.0,0.87,0.13,@CNN,A jury has awarded $4.62 billion to 22 women who sued pharmaceutical giant Johnson &amp; Johnson alleging their ovarian‚Ä¶ https://t.co/rQDYbNWZTD,248
0.1779,Sat Jul 14 04:31:00 +0000 2018,0.0,0.928,0.072,@CNN,These giant avocados are growing in Australia. Some have been known to weigh up to four pounds and are about five t‚Ä¶ https://t.co/cgXFVEx1o5,249
0.0,Sat Jul 14 04:16:05 +0000 2018,0.0,1.0,0.0,@CNN,President Trump and Katy Perry are among the Twitter users hit hardest by the follower purge https://t.co/4V3kmwmrhL https://t.co/Uak1BlooYe,250
0.0,Sat Jul 14 04:01:08 +0000 2018,0.0,1.0,0.0,@CNN,"A rare flood of desert rain has transformed a lake in Australia from an arid, salty basin to a spectacular, watery‚Ä¶ https://t.co/HCBw2jd5h8",251
0.5574,Sat Jul 14 03:44:09 +0000 2018,0.0,0.841,0.159,@CNN,"Is there such a thing as going too far for a laugh? #HistoryOfComedy is back, and pushing boundaries further than e‚Ä¶ https://t.co/TFgGf1hYqY",252
0.0,Sat Jul 14 03:37:14 +0000 2018,0.0,1.0,0.0,@CNN,"Meet Care-E, the automated airport assistant that scans a boarding pass, carries luggage and guides passengers to t‚Ä¶ https://t.co/dYT6NIBJ4p",253
0.0,Sat Jul 14 03:31:04 +0000 2018,0.0,1.0,0.0,@CNN,"Tomatoes and strawberries were disappearing for weeks from hanging baskets outside this family's house, but a secur‚Ä¶ https://t.co/uqaam0yNAA",254
0.0,Sat Jul 14 03:27:58 +0000 2018,0.0,1.0,0.0,@CNN,"Stitch Fix is tapping into the children's apparel market, launching subscription boxes with sizes 2T to 14. Founder‚Ä¶ https://t.co/ZrRGUduQ40",255
0.0,Sat Jul 14 03:16:03 +0000 2018,0.0,1.0,0.0,@CNN,Mysterious burns on teen's face caused by brush with toxic plant https://t.co/oHEvX9UAW9 https://t.co/bU0ztER1VM,256
0.5709,Sat Jul 14 03:14:15 +0000 2018,0.0,0.81,0.19,@CNN,"RT @AC360: Hi, I'm @AndersonCooper. I am really excited about our new show on Facebook Watch called Full Circle, a program created for you,‚Ä¶",257
0.0,Sat Jul 14 03:01:03 +0000 2018,0.0,1.0,0.0,@CNN,Roger Stone appears to be the unnamed individual in a new Russia probe indictment made public Friday who is describ‚Ä¶ https://t.co/zeashgdqOn,258
-0.7003,Sat Jul 14 02:51:02 +0000 2018,0.225,0.775,0.0,@CNN,The woman who was harassed by a man for wearing a Puerto Rico flag shirt wants the officer who ignored her pleas fo‚Ä¶ https://t.co/JuErNNdBTT,259
-0.5574,Sat Jul 14 02:31:56 +0000 2018,0.187,0.813,0.0,@CNN,"RT @AC360: Anderson Cooper: The ""witch hunt,"" as the President called it, has now yielded 191 charges against 32 individuals and 3 companie‚Ä¶",260
0.0,Sat Jul 14 02:28:19 +0000 2018,0.0,1.0,0.0,@CNN,How will Trump deal with Putin in Helsinki? | By Michael Bociurkiw via @CNNOpinion https://t.co/8TvNaMjvxP https://t.co/5P7J59HZtl,261
0.0,Sat Jul 14 02:27:07 +0000 2018,0.0,1.0,0.0,@CNN,6 takeaways from the indictment of Russians for DNC hacking https://t.co/YjtwLqHn5F https://t.co/nAryrG6hCZ,262
0.296,Sat Jul 14 02:24:13 +0000 2018,0.0,0.82,0.18,@CNN,Apple is helping bring education to girls in Brazil https://t.co/iFGmNlvCNu https://t.co/yNYKe0uvdN,263
0.0,Sat Jul 14 02:16:03 +0000 2018,0.0,1.0,0.0,@CNN,"Despite Russia election bombshell, the Trump-Putin show will go on | Analysis by CNN's @StCollinson‚Ä¶ https://t.co/z05mQ9M8DT",264
0.0,Sat Jul 14 02:15:12 +0000 2018,0.0,1.0,0.0,@CNN,"A Chinese spy ship is currently spying on a major US-led military exercise off the coast of Hawaii, the same exerci‚Ä¶ https://t.co/TqPlHPG1b6",265
-0.9042,Sat Jul 14 02:07:48 +0000 2018,0.397,0.603,0.0,@CNN,At least 128 people have died in a suicide attack in Pakistan that targeted the convoy of a political candidate in‚Ä¶ https://t.co/n2w7kqnweP,266
-0.4767,Sat Jul 14 02:06:03 +0000 2018,0.14,0.86,0.0,@CNN,Former Pakistani Prime Minister Nawaz Sharif and his daughter have been arrested and are being held in Islamabad af‚Ä¶ https://t.co/w980YBz06B,267
0.4118,Sat Jul 14 02:01:04 +0000 2018,0.0,0.842,0.158,@CNN,"The FDA for the first time has approved a drug to treat smallpox.

The disease was eradicated in the 1980s, but the‚Ä¶ https://t.co/80tEjE75Yi",268
-0.5994,Sat Jul 14 01:51:06 +0000 2018,0.17,0.83,0.0,@CNN,The death of a 16-year-old who was pinned and suffocated in his own minivan has prompted Cincinnati officials to im‚Ä¶ https://t.co/l0xG9BFXxP,269
0.3818,Sat Jul 14 01:41:08 +0000 2018,0.0,0.843,0.157,@CNN,The indictment of 12 Russians has stunning implications | By Harry Litman via @CNNOpinion https://t.co/6lbXQQ2RW5 https://t.co/ufwplUdzj8,270
0.0258,Sat Jul 14 01:36:05 +0000 2018,0.11,0.776,0.114,@CNN,"RT @CuomoPrimeTime: .@ChrisCuomo: ""You can't read this indictment... and not face the reality that the United States was hacked, by Russia,‚Ä¶",271
0.0258,Sat Jul 14 01:31:07 +0000 2018,0.094,0.809,0.098,@CNN,The US Food and Drug Administration is advising people to avoid eating fresh crab meat from Venezuela because of po‚Ä¶ https://t.co/3PEVpUFyFO,272
0.34,Sat Jul 14 01:21:04 +0000 2018,0.0,0.893,0.107,@CNN,Scarlett Johansson has opted to withdraw from a film in which she was set to play a transgender man after her casti‚Ä¶ https://t.co/yd5SVHkmck,273
0.2023,Sat Jul 14 01:12:02 +0000 2018,0.0,0.917,0.083,@CNN,"RT @AC360: .@JeffreyToobin: ""Today is actually a significant moment in American history. We've only had 45 presidents... now we know one of‚Ä¶",274
0.5034,Sat Jul 14 01:10:08 +0000 2018,0.0,0.847,0.153,@CNN,"Seven in 10 registered voters say they're extremely or very interested in the November elections, a record high in‚Ä¶ https://t.co/2bpEVzpV1e",275
0.5574,Sat Jul 14 01:01:03 +0000 2018,0.0,0.806,0.194,@CNN,Republicans praise ex-FBI lawyer Lisa Page's testimony one day after the heated Peter Strzok hearing‚Ä¶ https://t.co/9CWHzrApH9,276
0.0,Sat Jul 14 01:00:20 +0000 2018,0.0,1.0,0.0,@CNN,"RT @OutFrontCNN: ""It's as if your neighbor came over, robbed your house, burned it down, and then next day you go have a meal with him at t‚Ä¶",277
-0.7269,Sat Jul 14 01:00:10 +0000 2018,0.225,0.775,0.0,@CNN,"RT @AC360: Journalist @carlbernstein on Russian indictments: ""This was an act of war by the Russians. An act of cyber warfare to undermine‚Ä¶",278
0.0,Sat Jul 14 00:54:14 +0000 2018,0.0,1.0,0.0,@CNN,Former CIA Director Michael Hayden said he anticipates many more indictments -- including those of Americans -- to‚Ä¶ https://t.co/eO4QMTijWa,279
-0.5106,Sat Jul 14 00:43:39 +0000 2018,0.136,0.864,0.0,@CNN,RT @AC360: Former Hillary Clinton campaign manager @RobbyMook on the indictment of 12 Russians for the DNC hacking: ‚ÄúIt‚Äôs disturbing that t‚Ä¶,280
0.0,Sat Jul 14 00:43:14 +0000 2018,0.0,1.0,0.0,@CNN,"RT @OutFrontCNN: ""I find the release of this indictment today as very selective, and I think it's somewhat inappropriate considering that t‚Ä¶",281
-0.4404,Sat Jul 14 00:39:14 +0000 2018,0.187,0.813,0.0,@CNN,Tens of thousands of protesters gathered in London to protest President Donald Trump's visit. Here's a look at the‚Ä¶ https://t.co/OSPQapCEvh,282
0.0,Sat Jul 14 00:32:18 +0000 2018,0.0,1.0,0.0,@CNN,A 6-year-old girl whose tearful pleas to immigration officers were heard across the country in an audio recording h‚Ä¶ https://t.co/hk9AE3rhLf,283
-0.4404,Sat Jul 14 00:21:06 +0000 2018,0.146,0.854,0.0,@CNN,"In case a shark ever attacks, here are some tips to keep you from becoming a snack https://t.co/oIDBTidb3i via‚Ä¶ https://t.co/99huW4X7vx",284
0.0,Sat Jul 14 00:10:06 +0000 2018,0.0,1.0,0.0,@CNN,"More than 2,500 children could need to be reunited with their parents in the next two weeks after officials separat‚Ä¶ https://t.co/QlRys106lo",285
0.0,Sat Jul 14 00:01:07 +0000 2018,0.0,1.0,0.0,@CNN,The FDA joins 22 countries' recall of a common heart drug https://t.co/iGgF80fcqM https://t.co/ClFztyulfn,286
0.7717,Fri Jul 13 23:51:39 +0000 2018,0.0,0.691,0.309,@CNN,"This video store in Bend, Oregon, will be the last remaining Blockbuster in the United States‚Ä¶ https://t.co/JgGL330QBM",287
-0.3412,Fri Jul 13 23:43:40 +0000 2018,0.124,0.876,0.0,@CNN,It's not always easy to go green. Starbucks and Nestl√© customers embraced the brands' moves to environmentally-frie‚Ä¶ https://t.co/zBjm5S5tSp,288
0.7003,Fri Jul 13 23:41:10 +0000 2018,0.0,0.691,0.309,@CNN,The FDA has announced its approval of the first drug to treat smallpox https://t.co/0GdIkDApqe https://t.co/fXSs1FtDX7,289
-0.4019,Fri Jul 13 23:31:09 +0000 2018,0.172,0.828,0.0,@CNN,How do you rebrand Papa John's when the problem is Papa John? https://t.co/NShv8HsGrK https://t.co/6uTR0rbHJW,290
0.4466,Fri Jul 13 23:31:00 +0000 2018,0.0,0.866,0.134,@CNN,"‚ÄúWhatever you do is OK with me,‚Äù President Trump said in a joint news conference with British Prime Minister Theres‚Ä¶ https://t.co/xIfVwmwvo5",291
-0.5574,Fri Jul 13 23:21:03 +0000 2018,0.175,0.825,0.0,@CNN,The world's largest water slide will be demolished after a boy died on the ride in 2016 https://t.co/39LiOgOFqu https://t.co/MGFaFzcjLz,292
-0.7964,Fri Jul 13 23:11:58 +0000 2018,0.253,0.747,0.0,@CNN,"Hawaii just became the first state in the US to ban the sale of sunscreens that can harm coral reefs. Banana Boat,‚Ä¶ https://t.co/DpR3IJ32Ef",293
0.0,Fri Jul 13 23:01:03 +0000 2018,0.0,1.0,0.0,@CNN,Trump asked Russians to get Clinton emails. They immediately started trying. | Analysis by CNN's Z. Byron Wolf https://t.co/JZx6oBlFJG,294
0.4466,Fri Jul 13 22:58:01 +0000 2018,0.0,0.882,0.118,@CNN,"RT @CNNMoney: ‚ÄúWhatever you do is OK with me,‚Äù President Trump said in a joint news conference with British Prime Minister Theresa May, aft‚Ä¶",295
-0.3612,Fri Jul 13 22:51:06 +0000 2018,0.122,0.878,0.0,@CNN,Democratic Rep. Steve Cohen says he regrets his remark that embattled FBI agent Peter Strzok deserves a Purple Hear‚Ä¶ https://t.co/dzMh6pdXM3,296
-0.296,Fri Jul 13 22:41:04 +0000 2018,0.099,0.901,0.0,@CNN,WeWork is going meat-free. Staffers were told that the company will no longer serve meat at employee events or reim‚Ä¶ https://t.co/JkGZHGiIv7,297
-0.5994,Fri Jul 13 22:31:05 +0000 2018,0.196,0.804,0.0,@CNN,Eight endangered black rhinos die in Kenya national park just weeks after the animals were moved‚Ä¶ https://t.co/yw5IoX7vNF,298
0.4215,Fri Jul 13 22:23:55 +0000 2018,0.0,0.887,0.113,@CNN,"RT @CNNSitRoom: ""It's time for the President of the United States to stand up for America,"" Rep. Garamendi says after 12 Russian intelligen‚Ä¶",299
0.0,Fri Jul 13 22:21:08 +0000 2018,0.0,1.0,0.0,@CNN,"A Chinese spy ship is currently spying on a major US-led military exercise off the coast of Hawaii, the same exerci‚Ä¶ https://t.co/pwsRFS0nkS",300
-0.6597,Sat Jul 14 19:29:13 +0000 2018,0.453,0.291,0.256,@FoxNews,'CSI' episode helps Florida police solve a fake murder https://t.co/Ykwc1Nz5UK,301
0.0,Sat Jul 14 19:21:15 +0000 2018,0.0,1.0,0.0,@FoxNews,".@wjmcgurn on Brett Kavanaugh: ""He's not the kind of guy who wants to be a celebrity judge that Anthony Kennedy enj‚Ä¶ https://t.co/4tYIoEmAsa",302
-0.743,Sat Jul 14 19:06:57 +0000 2018,0.283,0.717,0.0,@FoxNews,OPINION: A Purple Heart for disgraced FBI agent Strzok? The very suggestion is an insult to the military https://t.co/6YoHkTbooI,303
0.0,Sat Jul 14 19:03:36 +0000 2018,0.0,1.0,0.0,@FoxNews,".@esaagar on Lisa Page testimony: ""She is willing to talk about more of the details of the origination of the Trump‚Ä¶ https://t.co/zs6IHbe8rd",304
0.0,Sat Jul 14 19:00:32 +0000 2018,0.0,1.0,0.0,@FoxNews,".@esaagar on Lisa Page testimony: ""We are going to learn more especially if she is willing to speak publicly before‚Ä¶ https://t.co/RJ5IpzmxrR",305
0.7845,Sat Jul 14 18:52:22 +0000 2018,0.0,0.743,0.257,@FoxNews,".@RepMarkMeadows: ""I can tell you Lisa Page is a very credible witness. She's doing her best to help us find the tr‚Ä¶ https://t.co/b9ov1aDUnE",306
0.4574,Sat Jul 14 18:50:59 +0000 2018,0.0,0.85,0.15,@FoxNews,RT @EricShawnTV: A special 3 hour Saturday! I anchor starting at 4 pm EDT @FoxNews with @ArthelNeville. The #RussianHacking. What should @P‚Ä¶,307
0.25,Sat Jul 14 18:45:11 +0000 2018,0.0,0.88,0.12,@FoxNews,"Alina Polyakova: ""Putin is going to want to have an olive branch that he can extend to @POTUS to say, 'look I'm a t‚Ä¶ https://t.co/hkwcWuI7hh",308
0.0,Sat Jul 14 18:41:52 +0000 2018,0.0,1.0,0.0,@FoxNews,"Alina Polyakova on Trump-Putin summit: ""[@POTUS] holds all the cards ahead of this meeting."" https://t.co/xdNPTqUqPM https://t.co/ZZ6sAq3RU2",309
0.0,Sat Jul 14 18:36:29 +0000 2018,0.0,1.0,0.0,@FoxNews,Fox News Poll: Robert Mueller's investigation of the Trump campaign and Russia. https://t.co/t6USAF0GQR,310
0.0,Sat Jul 14 18:35:16 +0000 2018,0.0,1.0,0.0,@FoxNews,"Whitney Boan: ""We have this indictment, and that doesn't mean that this is the last indictment."" https://t.co/JKYhIynNDL",311
-0.3182,Sat Jul 14 18:28:01 +0000 2018,0.119,0.881,0.0,@FoxNews,Serena Williams loses to Angelique Kerber in Wimbledon final; dedicates performance to 'all the moms out there' https://t.co/IF6eJoQwAY,312
0.2263,Sat Jul 14 18:10:04 +0000 2018,0.0,0.863,0.137,@FoxNews,Virtual reality developers aim to spark tech boom in the Deep South https://t.co/kGNnSFQqge,313
0.0,Sat Jul 14 18:05:39 +0000 2018,0.0,1.0,0.0,@FoxNews,".@kevincorke: ""A bit of breaking news - Fox News can confirm that @POTUS and President Vladimir Putin will conduct‚Ä¶ https://t.co/bElJ5ZYF8Y",314
-0.2244,Sat Jul 14 18:00:00 +0000 2018,0.106,0.894,0.0,@FoxNews,TONIGHT: Don‚Äôt miss ‚ÄúFox Report with Jon Scott‚Äù at 7p ET on Fox News Channel! @JonScottFNC https://t.co/cv5d2FWMxo,315
-0.6369,Sat Jul 14 17:59:50 +0000 2018,0.318,0.682,0.0,@FoxNews,Minnesota authorities investigating after teen fatally shot by deputies https://t.co/X3ti1h2Igh,316
-0.1027,Sat Jul 14 17:55:00 +0000 2018,0.085,0.915,0.0,@FoxNews,".@RepAndyBiggsAZ: ""Here's a guy with literally hundreds - maybe thousands - of text messages showing bias, and he's‚Ä¶ https://t.co/FOAFhPkPIP",317
0.0,Sat Jul 14 17:48:00 +0000 2018,0.0,1.0,0.0,@FoxNews,"Ed Rollins on Trump/Putin summit: ""This is going to be a test of wills."" https://t.co/1yypK7TIPS",318
-0.296,Sat Jul 14 17:36:00 +0000 2018,0.196,0.804,0.0,@FoxNews,".@HeatherZuma: ""@POTUS's tax cuts are really fueling this economy."" https://t.co/Xh2Tn9TslR",319
0.0,Sat Jul 14 17:30:00 +0000 2018,0.0,1.0,0.0,@FoxNews,"In an interview on @foxandfriends, Democratic Congressman @RepTimRyan discussed his economic philosophy.‚Ä¶ https://t.co/ThHI2JQ2uO",320
0.5994,Sat Jul 14 17:27:55 +0000 2018,0.0,0.738,0.262,@FoxNews,'Super Judgmental': @RepTimRyan Reacts to @NancyPelosi's Remark That He Is 'Inconsequential' https://t.co/OGOZgSryKu,321
0.6801,Sat Jul 14 17:23:00 +0000 2018,0.0,0.752,0.248,@FoxNews,".@RepDanKildee: ""Obviously, in retrospect, we all wish that there would've been much firmer and more bold action ag‚Ä¶ https://t.co/JuLJHChChh",322
0.0,Sat Jul 14 17:18:00 +0000 2018,0.0,1.0,0.0,@FoxNews,".@gen_jackkeane: ""The NATO summit [was] largely successful."" https://t.co/EzYv3tZGUO",323
-0.4939,Sat Jul 14 17:16:09 +0000 2018,0.204,0.694,0.102,@FoxNews,"Woman admits to killing her father after finding his child pornography collection, including photos of herself https://t.co/1gXPSkV1WM",324
0.5267,Sat Jul 14 17:08:03 +0000 2018,0.0,0.825,0.175,@FoxNews,"'A Step in the Right Direction': @GiannoCaldwell Praises Trump DOJ After 1955 Emmett Till Case Reopened
https://t.co/LPzMLzaemb",325
0.5267,Sat Jul 14 17:00:00 +0000 2018,0.0,0.793,0.207,@FoxNews,"On ""Cavuto Live,"" @SenMikeLee slammed @HillaryClinton for her comments about Justice Brett Kavanaugh.‚Ä¶ https://t.co/xOIYX4MvDy",326
0.128,Sat Jul 14 16:49:00 +0000 2018,0.1,0.776,0.123,@FoxNews,".@AlanDersh: ""There's no need for a special counsel to do the kind of investigation that led to this indictment.""‚Ä¶ https://t.co/eXoogAkQj3",327
0.128,Sat Jul 14 16:47:55 +0000 2018,0.0,0.889,0.111,@FoxNews,Chris Wallace Announces Exclusive Interview With Vladimir Putin Monday After Trump Summit https://t.co/X4a3okDE8C,328
-0.0258,Sat Jul 14 16:45:03 +0000 2018,0.102,0.802,0.096,@FoxNews,"President @realDonaldTrump waves to protesters while playing golf at Turnberry golf club, in Scotland. A dozen demo‚Ä¶ https://t.co/Q6ZyxoAApR",329
0.0,Sat Jul 14 16:36:15 +0000 2018,0.0,1.0,0.0,@FoxNews,"A newborn giraffe born at wildlife conservation center The Wilds in Cumberland, Ohio, was caught on camera attempti‚Ä¶ https://t.co/Kc6xlMJJb1",330
-0.1027,Sat Jul 14 16:31:28 +0000 2018,0.104,0.811,0.086,@FoxNews,"JUST IN: Serena Williams loses in straight sets to Angelique Kerber in Wimbledon final, just 10 months after giving‚Ä¶ https://t.co/f1mmnd8uOq",331
0.0,Sat Jul 14 16:30:54 +0000 2018,0.0,1.0,0.0,@FoxNews,.@RepDeSantis Blasts Strzok After House Hearing: 'Why Is He Still Getting a Paycheck?' https://t.co/6DCqTk5WIH https://t.co/cGIRNG7fUY,332
0.5574,Sat Jul 14 16:29:00 +0000 2018,0.0,0.816,0.184,@FoxNews,"In a speech yesterday, @HillaryClinton called the Supreme Court nomination of Brett Kavanaugh an obvious attempt to‚Ä¶ https://t.co/UZIWX70jab",333
0.0,Sat Jul 14 16:22:40 +0000 2018,0.0,1.0,0.0,@FoxNews,Fox News Poll: @POTUS on Russia. https://t.co/GaVfBoFoPR,334
0.0,Sat Jul 14 16:19:02 +0000 2018,0.0,1.0,0.0,@FoxNews,"Billy Bush's wife, Sydney Davis, files for divorce after nearly 20 years of marriage: report https://t.co/QM3fisBQAk",335
0.5574,Sat Jul 14 16:16:00 +0000 2018,0.0,0.783,0.217,@FoxNews,Fox News Poll: Would you vote to confirm Supreme Court nominee Brett Kavanaugh? https://t.co/L4A8HTQMsL,336
-0.2263,Sat Jul 14 16:09:08 +0000 2018,0.128,0.872,0.0,@FoxNews,WATCH: Protesters Yell 'Shame' at Ivanka Trump as She Attends Roundtable in NY https://t.co/RLPws7eJ9q,337
0.3595,Sat Jul 14 16:01:00 +0000 2018,0.081,0.762,0.157,@FoxNews,"Ahead of the Trump-Putin summit, don‚Äôt miss a powerful @FoxNewsSunday from Helsinki! Check your local listings and‚Ä¶ https://t.co/FCkpl3Dau3",338
0.0,Sat Jul 14 15:45:00 +0000 2018,0.0,1.0,0.0,@FoxNews,"On an all-new 'OBJECTified,' @KrisJenner sits down with @harveylevintmz to discuss her journey ‚Äì and the events tha‚Ä¶ https://t.co/29Cbi5M5s5",339
0.7845,Sat Jul 14 15:43:34 +0000 2018,0.0,0.653,0.347,@FoxNews,"Ken Starr: ""Brett Kavanaugh is truly an outstanding candidate who deserves confirmation overwhelmingly."" #Cavuto https://t.co/4QeSGxehkj",340
0.0,Sat Jul 14 15:38:11 +0000 2018,0.0,1.0,0.0,@FoxNews,"'Organized Cruelty‚Äô: @HillaryClinton Blasts Trump Administration for 'Trying to Rip the Heart Out of America'
https://t.co/18eXz2MkhV",341
0.4404,Sat Jul 14 15:25:15 +0000 2018,0.0,0.847,0.153,@FoxNews,"""I... predict we'll end up with every Republican supporting Judge Kavanaugh's confirmation. I also think we'll end‚Ä¶ https://t.co/H3LWzYMPcj",342
0.4215,Sat Jul 14 15:20:23 +0000 2018,0.0,0.877,0.123,@FoxNews,"French Alphajets of the Patrouille de France fly over the Champs Elysees avenue, with the Arc de Triomphe in backgr‚Ä¶ https://t.co/aS3GYNzDhI",343
0.0,Sat Jul 14 15:15:19 +0000 2018,0.0,1.0,0.0,@FoxNews,"Former Assistant Sec. of State Robert Charles: ""This president's been in office 570 days and it's a little bit odd‚Ä¶ https://t.co/lHmCXzuvP5",344
-0.34,Sat Jul 14 15:09:18 +0000 2018,0.156,0.844,0.0,@FoxNews,"Georgia cops use coin flip to decide whether to arrest woman, video shows https://t.co/6UBiMTcDno",345
0.5423,Sat Jul 14 14:59:00 +0000 2018,0.0,0.8,0.2,@FoxNews,".@SenMikeLee: ""This judge is going to be confirmed and he's going to be Justice Kavanaugh within a matter of months‚Ä¶ https://t.co/7GECjzWhGM",346
0.5859,Sat Jul 14 14:52:41 +0000 2018,0.0,0.743,0.257,@FoxNews,".@SenMikeLee: ""Of course I was honored to be considered"" for SCOTUS. #Cavuto https://t.co/nYULvrgJI8",347
-0.2263,Sat Jul 14 14:45:41 +0000 2018,0.178,0.685,0.137,@FoxNews,".@SenMikeLee on @HillaryClinton running for president: ""I welcome that. Look, she was a disastrous candidate for th‚Ä¶ https://t.co/Afdu7qg5SS",348
0.0,Sat Jul 14 14:45:00 +0000 2018,0.0,1.0,0.0,@FoxNews,"Fmr. Attorney General Michael Mukasey: ""If the point is to rain on @POTUS's parade and Mr. Putin's parade, that may‚Ä¶ https://t.co/DTKigIlJDI",349
0.128,Sat Jul 14 14:44:19 +0000 2018,0.0,0.914,0.086,@FoxNews,MONDAY: Chris Wallace will conduct an exclusive interview with Russian President Vladimir Putin following the summi‚Ä¶ https://t.co/DEXDGMkKF9,350
-0.4767,Sat Jul 14 14:41:45 +0000 2018,0.147,0.853,0.0,@FoxNews,".@SenMikeLee: ""I think Sec. Clinton should be ashamed of those comments and I call upon her to rescind them.""‚Ä¶ https://t.co/EtHOv2Ah3T",351
0.4404,Sat Jul 14 14:41:03 +0000 2018,0.0,0.838,0.162,@FoxNews,".@SenMikeLee: ""I... predict we'll end up with every Republican supporting Judge Kavanaugh's confirmation. I also th‚Ä¶ https://t.co/Iy7kVy0ecQ",352
0.1419,Sat Jul 14 14:38:23 +0000 2018,0.0,0.928,0.072,@FoxNews,".@SenMikeLee on Mueller probe: ""I don't call it a witch hunt. I call it an investigation. But I also call it an inv‚Ä¶ https://t.co/zdiiFjh7xB",353
0.0,Sat Jul 14 14:36:37 +0000 2018,0.0,1.0,0.0,@FoxNews,".@SenMikeLee: ""We've known for decades that the Russians try to meddle in U.S. elections. What changed in 2016 is t‚Ä¶ https://t.co/8OL3LC6JU5",354
-0.5277,Sat Jul 14 14:35:26 +0000 2018,0.253,0.747,0.0,@FoxNews,".@SenMikeLee on Trump/Putin meeting: ""I don't see any good reason to cancel it."" #Cavuto https://t.co/vvjuF6jYcM",355
0.2023,Sat Jul 14 14:30:36 +0000 2018,0.095,0.776,0.129,@FoxNews,Woman wanted for grand theft goes missing after her husband dies with lethal levels of Benadryl in his system https://t.co/PmMMslo3Bd,356
-0.5267,Sat Jul 14 14:21:00 +0000 2018,0.216,0.784,0.0,@FoxNews,".@DanGeltrude: ""The substance is lower taxes, lower regulations - that has been fueling the market for awhile now.""‚Ä¶ https://t.co/asfJvR5U8k",357
0.0,Sat Jul 14 14:14:48 +0000 2018,0.0,1.0,0.0,@FoxNews,.@POTUS in Scotland ahead of meeting with Russian President Putin; @kevincorke reports. #Cavuto https://t.co/T8g8ISYK2m,358
0.1298,Sat Jul 14 14:08:41 +0000 2018,0.088,0.803,0.108,@FoxNews,".@HillaryClinton: ""I believe with all my heart that the test of any society is how we treat the most vulnerable amo‚Ä¶ https://t.co/BtqOWIZgFb",359
-0.872,Sat Jul 14 14:03:41 +0000 2018,0.438,0.562,0.0,@FoxNews,"Critics slam 'embarrassing' Mayor Sadiq Khan for feuding with Trump while London faces rising crime, knife deaths https://t.co/CKgbGKbJNu",360
0.128,Sat Jul 14 13:56:11 +0000 2018,0.088,0.803,0.108,@FoxNews,".@RepTimRyan: ""The country wants us to stop being divided. We need to put forth an agenda that can help people get‚Ä¶ https://t.co/zeMwkQkJUa",361
0.0,Sat Jul 14 13:46:44 +0000 2018,0.0,1.0,0.0,@FoxNews,"This morning, President @realDonaldTrump expressed his condolences after the deadly flooding in Japan.‚Ä¶ https://t.co/07rbp7U4Tf",362
-0.6486,Sat Jul 14 13:39:11 +0000 2018,0.323,0.677,0.0,@FoxNews,"#NancySinatraSr, first wife of Frank Sinatra, dead at 101 https://t.co/Rdit6IJCya",363
0.765,Sat Jul 14 13:34:50 +0000 2018,0.0,0.612,0.388,@FoxNews,"Thailand cave rescue boys thank rescuers, admit they are craving pork, rice and KFC https://t.co/Mp6Tga3m7E",364
0.4019,Sat Jul 14 12:55:05 +0000 2018,0.0,0.787,0.213,@FoxNews,.@AlanDersh: ‚ÄúThe minority party doesn‚Äôt get to make foreign policy.‚Äù https://t.co/qjxJI6Gkqm,365
0.0,Sat Jul 14 12:36:10 +0000 2018,0.0,1.0,0.0,@FoxNews,Texas sheriff's deputy with 'heart of gold' to donate kidney to man in need https://t.co/RGvOexQJBO,366
0.0,Sat Jul 14 12:16:48 +0000 2018,0.0,1.0,0.0,@FoxNews,Police searching for paraglider who flew over Trump's Scotland golf resort and breached no-fly zone https://t.co/tTdvl75Knv,367
0.0,Sat Jul 14 12:05:58 +0000 2018,0.0,1.0,0.0,@FoxNews,"John McLauhglin: ""The president's America first policy is succeeding."" https://t.co/BuMD0ARJOE",368
0.296,Sat Jul 14 12:01:15 +0000 2018,0.0,0.879,0.121,@FoxNews,'Fixer Upper' star Chip Gaines shares close-up photo of 3-week-old son Crew: 'My heart is full' https://t.co/GiJ6TGlCQO,369
0.0,Sat Jul 14 11:41:46 +0000 2018,0.0,1.0,0.0,@FoxNews,.@SenateMajLdr Expects Kavanaugh Vote by October https://t.co/BiQc4KQrcz,370
-0.7271,Sat Jul 14 11:25:57 +0000 2018,0.276,0.724,0.0,@FoxNews,".@RepDeSantis: ‚ÄúI think Strzok‚Äôs testimony really left a lot of American frustrated because he was not honest, not‚Ä¶ https://t.co/jLDVpY8ZD8",371
0.5574,Sat Jul 14 11:14:02 +0000 2018,0.0,0.825,0.175,@FoxNews,OPINION: I was Supreme Court nominee Kavanaugh's law clerk -- Let me tell you about the man I know https://t.co/xx1IdPQpTh,372
-0.2263,Sat Jul 14 11:05:29 +0000 2018,0.137,0.863,0.0,@FoxNews,'Cal 3' backer urges court to dismiss lawsuit opposing California break-up plan https://t.co/aeLbUxUuXq,373
0.0,Sat Jul 14 10:48:10 +0000 2018,0.0,1.0,0.0,@FoxNews,"Lisa Page 'cooperative,' 'credible,' lawmakers say after 5-hour closed-door session https://t.co/gUwOtnr4gz",374
0.0,Sat Jul 14 10:33:48 +0000 2018,0.0,1.0,0.0,@FoxNews,Wounded Marine Vet: 'Disgraceful' &amp; 'Disgusting' for Dem Rep to Suggest Strzok Deserves Purple Heart https://t.co/maig19EDys,375
-0.296,Sat Jul 14 10:28:51 +0000 2018,0.145,0.855,0.0,@FoxNews,.@dbongino: ‚ÄúI scoured the entire indictment yesterday‚Ä¶ and there‚Äôs no collusion in there.‚Äù https://t.co/Ics2CGTujl,376
0.0,Sat Jul 14 10:22:48 +0000 2018,0.0,1.0,0.0,@FoxNews,President Trump reportedly wants a ‚Äòmore American‚Äô-looking Air Force One https://t.co/xB39fso1uG,377
-0.8748,Sat Jul 14 10:21:45 +0000 2018,0.443,0.458,0.099,@FoxNews,"5-year-old boy helps write his own obituary before tragic cancer death: 'See ya later, suckas!' https://t.co/8nCXQt0diL",378
0.0,Sat Jul 14 10:20:27 +0000 2018,0.0,1.0,0.0,@FoxNews,Never-before-seen Winston Churchill WWII photos surface https://t.co/uoBNPapA76,379
0.1531,Sat Jul 14 10:16:47 +0000 2018,0.0,0.714,0.286,@FoxNews,Paragliding Protester Greets @POTUS https://t.co/s03qnZotCH,380
-0.7003,Sat Jul 14 10:00:00 +0000 2018,0.493,0.507,0.0,@FoxNews,Florida beaches closed after shark attacks leave 2 injured: report https://t.co/Qy5NtRU8zB,381
-0.4019,Sat Jul 14 09:45:00 +0000 2018,0.197,0.803,0.0,@FoxNews,"OPINION: Indictment arguments aside, Trump is right to meet with Putin https://t.co/gI9NigoMBI",382
0.0,Sat Jul 14 09:30:00 +0000 2018,0.0,1.0,0.0,@FoxNews,Barn-find 1962 Jaguar E-type awakens from 35-year cat nap https://t.co/1HiZ0ztgiU,383
0.6908,Sat Jul 14 09:29:58 +0000 2018,0.0,0.637,0.363,@FoxNews,Federal judge commends Trump administration for 'good faith' in family reunifications https://t.co/VQEAZnpkO4,384
0.0,Sat Jul 14 09:27:57 +0000 2018,0.196,0.541,0.264,@FoxNews,"Veteran, 95, jumps off diving board to motivate scared boy https://t.co/y0aEG5bEUe",385
-0.8779,Sat Jul 14 09:00:00 +0000 2018,0.526,0.474,0.0,@FoxNews,"Driver trapped in burning BMW after engine caught fire, brakes failed. Cause unclear https://t.co/MrYf4rqaJB",386
0.0,Sat Jul 14 08:45:00 +0000 2018,0.0,1.0,0.0,@FoxNews,.@SenJohnMcCain say's Helsinki summit 'should not move forward' unless Trump takes firm stand against Russian meddl‚Ä¶ https://t.co/4FAvEipdjv,387
-0.6486,Sat Jul 14 08:42:06 +0000 2018,0.281,0.719,0.0,@FoxNews,"Nancy Sinatra Sr., first wife of Frank Sinatra, dead at 101 https://t.co/Rdit6Is1GC",388
0.0,Sat Jul 14 08:30:00 +0000 2018,0.0,1.0,0.0,@FoxNews,Fox News Poll: #AbolishICE not trending among voters https://t.co/sbCRozC0iH,389
0.0,Sat Jul 14 08:15:00 +0000 2018,0.0,1.0,0.0,@FoxNews,"Karen Tumulty: ""With these indictments, the Mueller investigation goes actually right to the heart of Vladimir Puti‚Ä¶ https://t.co/fhN9th1jGF",390
0.0,Sat Jul 14 07:45:00 +0000 2018,0.0,1.0,0.0,@FoxNews,"MLB suspends Papa John's promotion until after All-Star break, pizza company says https://t.co/zTJ1njD2GS",391
0.7269,Sat Jul 14 07:30:00 +0000 2018,0.0,0.697,0.303,@FoxNews,Custom Ford Mustang honoring America's WW II Eagle Squadrons to be auctioned for charity #ProudAmerican  https://t.co/rpEinkJeVm,392
0.4215,Sat Jul 14 07:15:00 +0000 2018,0.0,0.797,0.203,@FoxNews,Kylie Jenner campaign hopes to get young mogul to billionaire status https://t.co/nYYhGzKOtJ,393
-0.2023,Sat Jul 14 07:01:00 +0000 2018,0.167,0.833,0.0,@FoxNews,New Jersey woman charged with hacking Selena Gomez's email  https://t.co/tJsKW2bqw9,394
-0.4588,Sat Jul 14 06:45:00 +0000 2018,0.188,0.812,0.0,@FoxNews,"Giant hogweed severely burns Virginia teen, 17, sending him to hospital, report says https://t.co/pQPki6hvwF",395
0.4019,Sat Jul 14 06:30:00 +0000 2018,0.0,0.856,0.144,@FoxNews,".@dagenmcdowell: ""Peter Strzok testified that Bob Mueller, special counsel, never asked him about specific texts, n‚Ä¶ https://t.co/WtzoUVARgF",396
0.0,Sat Jul 14 06:15:00 +0000 2018,0.0,1.0,0.0,@FoxNews,".@RCamposDuffy: ""This happened under Obama's watch."" #Outnumbered https://t.co/NWKE7CHBOm https://t.co/iAwgIyaV6w",397
0.4567,Sat Jul 14 06:00:00 +0000 2018,0.0,0.8,0.2,@FoxNews,".@karringtonsc: ""I didn't stop talking to God from the moment of impact. Very loudly - I was not quiet.""‚Ä¶ https://t.co/1916z2nsud",398
0.1779,Sat Jul 14 05:45:00 +0000 2018,0.096,0.776,0.128,@FoxNews,"Sen. @LindseyGrahamSC: ""I have a lot of faith in President Trump. Bush misread Putin. Putin ran over Obama because‚Ä¶ https://t.co/i1wT4gLpLi",399
-0.5859,Sat Jul 14 05:30:00 +0000 2018,0.352,0.648,0.0,@FoxNews,UK police confirm source of Novichok poisoning https://t.co/JCXQj6CzII,400
0.0,Sat Jul 14 19:15:11 +0000 2018,0.0,1.0,0.0,@Nytimes,House hunting goes virtual https://t.co/L8wVu0x49v,401
0.296,Sat Jul 14 19:00:10 +0000 2018,0.0,0.864,0.136,@Nytimes,Are you a full-time teacher with a second job to supplement your salary? Share your story.  https://t.co/eO0syfNMA2,402
0.0387,Sat Jul 14 18:45:06 +0000 2018,0.083,0.827,0.09,@Nytimes,"‚ÄúWithout you I am like a coloring book with no color. I am the structure, but you are the color."" https://t.co/TXJ1qNpcEF",403
-0.2584,Sat Jul 14 18:30:17 +0000 2018,0.135,0.865,0.0,@Nytimes,These women were told not to play soccer. Instead they formed a team. https://t.co/sQDp0x7wyw https://t.co/5EKZkFn866,404
-0.296,Sat Jul 14 18:15:04 +0000 2018,0.095,0.905,0.0,@Nytimes,"Residents of one of Mexico‚Äôs rainiest regions often have no water to drink, so many hydrate with soda. The impact o‚Ä¶ https://t.co/iQHVwZpXkT",405
0.8126,Sat Jul 14 18:00:04 +0000 2018,0.067,0.603,0.33,@Nytimes,"When the 2 leaders sit down in Finland, Trump‚Äôs abiding desire to win over Vladimir Putin will loom as a powerful d‚Ä¶ https://t.co/9xMAYVnWoS",406
-0.128,Sat Jul 14 17:45:08 +0000 2018,0.073,0.927,0.0,@Nytimes,"Leading up to his weekend in Scotland, Trump has managed to repeatedly plug his Turnberry golf resort, alarming eth‚Ä¶ https://t.co/ftr0hvb6cl",407
0.0,Sat Jul 14 17:30:07 +0000 2018,0.0,1.0,0.0,@Nytimes,"""We‚Äôre trying to tell as many black stories as possible and resist one-dimensional representations"" https://t.co/BWHaZFySHp",408
0.0,Sat Jul 14 17:15:06 +0000 2018,0.0,1.0,0.0,@Nytimes,"We chart America‚Äôs complicated history of infant feeding, starting with the spread of formula https://t.co/Z3W4t123ij",409
0.0,Sat Jul 14 17:00:04 +0000 2018,0.114,0.772,0.114,@Nytimes,"For Isabella and thousands of other migrant parents hoping to be reunited with their children, part of the trauma h‚Ä¶ https://t.co/bfQKyEd241",410
0.0,Sat Jul 14 16:45:07 +0000 2018,0.0,1.0,0.0,@Nytimes,"Many Democrats are outmatched by Republicans when it comes to tech-savvy campaigning. A network of 4,500 tech worke‚Ä¶ https://t.co/IvMOv5Wp08",411
-0.7579,Sat Jul 14 16:35:03 +0000 2018,0.228,0.772,0.0,@Nytimes,"RT @nytopinion: After World War II, many Germans saw America as the guarantor of the liberal democratic order. It‚Äôs a shock to them that th‚Ä¶",412
0.5719,Sat Jul 14 16:24:19 +0000 2018,0.117,0.623,0.261,@Nytimes,"Breaking News: Angelique Kerber won her first Wimbledon title by beating Serena Williams, who was seeking a Grand S‚Ä¶ https://t.co/zyBj8neRLy",413
0.0,Sat Jul 14 16:20:06 +0000 2018,0.0,1.0,0.0,@Nytimes,An ode to old maids everywhere https://t.co/dMWlTP7kmA,414
0.7579,Sat Jul 14 16:05:02 +0000 2018,0.0,0.735,0.265,@Nytimes,"Trump's Supreme Court nominee has talked a lot about his mother, the public servant. Just as influential in his lif‚Ä¶ https://t.co/Kd6nSbsFnt",415
-0.5574,Sat Jul 14 15:50:02 +0000 2018,0.167,0.833,0.0,@Nytimes,"Nancy Barbato Sinatra, who has died at 101, remained Frank Sinatra's confidante for decades after their divorce in‚Ä¶ https://t.co/4my80b7Iej",416
0.7314,Sat Jul 14 15:35:05 +0000 2018,0.142,0.549,0.309,@Nytimes,"No sitting on the floor, no hugging your siblings, and it‚Äôs best not to cry: Migrant children describe life in dete‚Ä¶ https://t.co/P44lXjU2dR",417
0.4199,Sat Jul 14 15:20:03 +0000 2018,0.0,0.883,0.117,@Nytimes,After years of being told to put on a suit and recite their r√©sum√© ‚Äî and smile! ‚Äî women running for office are thro‚Ä¶ https://t.co/wDfnVFGypy,418
0.0,Sat Jul 14 15:05:06 +0000 2018,0.0,1.0,0.0,@Nytimes,France eliminated Belgium. Croatia eliminated England. We eliminated the ‚öΩÔ∏ès from these World Cup semifinals photos‚Ä¶ https://t.co/TxBoEKnA0l,419
0.0,Sat Jul 14 14:50:04 +0000 2018,0.0,1.0,0.0,@Nytimes,"The day Donald Trump publicly asked Russia to find Hillary Clinton‚Äôs emails in 2016, Russia began to target her ser‚Ä¶ https://t.co/aKEnltUVIh",420
0.0,Sat Jul 14 14:40:08 +0000 2018,0.0,1.0,0.0,@Nytimes,"RT @karenyourish: Trump has spent 169 days of his presidency, or about 30% of his time in office, visiting Trump properties. He is spending‚Ä¶",421
-0.3919,Sat Jul 14 14:30:09 +0000 2018,0.175,0.726,0.1,@Nytimes,"It was over in less than 20 seconds, but even casual followers of the monarchy were aghast  https://t.co/uIQwVwpJeB",422
0.4939,Sat Jul 14 14:17:06 +0000 2018,0.141,0.563,0.296,@Nytimes,"Found: A 2,000-year-old sarcophagus that was perfectly sealed.
Inside: Unclear. https://t.co/Lm9p1Gy87I",423
-0.3612,Sat Jul 14 14:02:04 +0000 2018,0.238,0.762,0.0,@Nytimes,"The new toll of student debt in 3 charts
https://t.co/bjepY6hUYb",424
-0.2411,Sat Jul 14 13:42:03 +0000 2018,0.141,0.859,0.0,@Nytimes,Not sure what to do in NYC this weekend? We‚Äôve got you. https://t.co/bAq3dvD9gl,425
-0.296,Sat Jul 14 13:21:05 +0000 2018,0.216,0.784,0.0,@Nytimes,"It's the universal World Cup ""oh no"" https://t.co/Acy0y21md6 https://t.co/Y7PfyUNho0",426
-0.2023,Sat Jul 14 13:02:04 +0000 2018,0.13,0.87,0.0,@Nytimes,Are you a grammar geek? Test your editing skills in our new quiz. https://t.co/jqqnQQOmiu,427
0.3818,Sat Jul 14 12:42:05 +0000 2018,0.0,0.843,0.157,@Nytimes,"While the names of FIFA leaders may have changed, the lavish benefits have not https://t.co/OrVIJDKzJD",428
0.4404,Sat Jul 14 12:21:06 +0000 2018,0.0,0.854,0.146,@Nytimes,"Some small studies suggest that spending time in nature, specifically in lush forests, might improve your health https://t.co/wfDmohEEtI",429
0.0,Sat Jul 14 12:02:04 +0000 2018,0.0,1.0,0.0,@Nytimes,"This weekend, the World Cup final will be underway in Russia. Here's how the tournament ended up there. https://t.co/0DtzfJ51HF",430
0.4926,Sat Jul 14 11:41:02 +0000 2018,0.0,0.868,0.132,@Nytimes,RT @katierogers: .@dougmillsnyt is one of the keenest observers of the human condition in journalism (and in the world! Trump says. totally‚Ä¶,431
0.4404,Sat Jul 14 11:21:01 +0000 2018,0.0,0.868,0.132,@Nytimes,The World Cup is about to get 50 percent larger. Hope you took the time to savor this one. https://t.co/S1KXhahyQ6,432
0.0516,Sat Jul 14 11:02:04 +0000 2018,0.163,0.708,0.129,@Nytimes,RT @nytpolitics: Democrats demanded that President Trump cancel his summit with Vladimir Putin after 12 Russian intelligence officers are i‚Ä¶,433
0.0,Sat Jul 14 10:52:59 +0000 2018,0.0,1.0,0.0,@Nytimes,"John Liu Plots a Comeback Trail, Targeting a Renegade Democrat https://t.co/jVOJMq2k4L",434
0.0,Sat Jul 14 10:35:48 +0000 2018,0.0,1.0,0.0,@Nytimes,"In Trump‚Äôs U.K. Visit, Some See ‚ÄòInfomercial‚Äô for Money-Losing Golf Resort https://t.co/9il1esJ738",435
0.0,Sat Jul 14 10:31:04 +0000 2018,0.0,1.0,0.0,@Nytimes,"Video review made its debut at this World Cup, and it had an immediate impact https://t.co/gW9hVFyi2j",436
0.0,Sat Jul 14 10:14:48 +0000 2018,0.0,1.0,0.0,@Nytimes,First Words: Americans Think ‚ÄòCorruption‚Äô Is Everywhere. Is That Why We Vote for It? https://t.co/xLD6P42SP1,437
0.0,Sat Jul 14 10:07:16 +0000 2018,0.0,1.0,0.0,@Nytimes,"Sarcophagus Found. Contents Unknown. (‚ÄòNo Guessing, Please.‚Äô) https://t.co/nGSstHV6ve",438
0.6486,Sat Jul 14 09:50:19 +0000 2018,0.121,0.47,0.409,@Nytimes,"Glorious surprises seemed to lurk everywhere in Oslo, Norway https://t.co/HKAeEiagFg",439
0.8176,Sat Jul 14 09:32:02 +0000 2018,0.0,0.564,0.436,@Nytimes,RT @tackettdc: In Ohio Special election a test for Democrats strength and Republican resolve  https://t.co/p4WXB4IjI8,440
0.4404,Sat Jul 14 09:10:05 +0000 2018,0.0,0.805,0.195,@Nytimes,Phys Ed: Dog Walking Is Good for You. Provided You Do It. https://t.co/zuLXpClv7g,441
0.6369,Sat Jul 14 09:08:25 +0000 2018,0.0,0.802,0.198,@Nytimes,RT @bxchen: Our writer with the best job in the world talks about the tech she uses https://t.co/VY6xJHYbOV,442
-0.6369,Sat Jul 14 08:50:44 +0000 2018,0.167,0.833,0.0,@Nytimes,"RT @nytimesarts: The director of the ""Whitney"" documentary explains how he got her family to open up about her childhood abuse. https://t.c‚Ä¶",443
-0.1531,Sat Jul 14 08:33:04 +0000 2018,0.082,0.918,0.0,@Nytimes,"RT @nytimesworld: ‚ÄúHaving a vagina doesn‚Äôt make a woman,‚Äù said Angela Ponce, Spain's transgender competitor in the Miss Universe pageant. ‚Äú‚Ä¶",444
0.0,Sat Jul 14 08:09:19 +0000 2018,0.0,1.0,0.0,@Nytimes,"A ""Downton Abbey"" movie is coming https://t.co/81TKuwcdp6",445
0.0,Sat Jul 14 07:51:52 +0000 2018,0.0,1.0,0.0,@Nytimes,"They named it Ingentia prima, meaning ‚Äúthe first giant.‚Äù ‚ÄúThis new dinosaur changes our understanding of how dinosa‚Ä¶ https://t.co/47cDpDv68K",446
0.0,Sat Jul 14 07:33:06 +0000 2018,0.0,1.0,0.0,@Nytimes,"RT @nytpolitics: Russia's largest spy agency has been implicated in the downing of a civilian airliner, armed operations in Syria and now t‚Ä¶",447
-0.3182,Sat Jul 14 07:06:06 +0000 2018,0.168,0.733,0.099,@Nytimes,A painting worth $1 million has turned up 4 decades after it was stolen from a Manhattan warehouse https://t.co/evf9RPx918,448
0.5106,Sat Jul 14 06:48:47 +0000 2018,0.0,0.837,0.163,@Nytimes,"‚ÄúI still can‚Äôt believe it worked.‚Äù Inside the Thai soccer team's rescue: floating stretchers, anti-anxiety pills an‚Ä¶ https://t.co/E9RGJxfTSC",449
-0.34,Sat Jul 14 06:32:01 +0000 2018,0.118,0.882,0.0,@Nytimes,"RT @nytimesworld: ""Pakistan is entering another period of prolonged political instability.‚Äù The arrest of former Prime Minister Nawaz Shari‚Ä¶",450
0.0,Sat Jul 14 06:02:38 +0000 2018,0.0,1.0,0.0,@Nytimes,"The Getty Museum has added a rare illuminated Torah, dating to 1296, to its trove of manuscripts https://t.co/0WC7D9weVF",451
0.0,Sat Jul 14 05:46:04 +0000 2018,0.0,1.0,0.0,@Nytimes,Astronomers traced a neutrino back to a distant galaxy. ‚ÄúWe have found the first source of cosmic rays.‚Äù https://t.co/3PYngOHGLU,452
-0.5574,Sat Jul 14 05:32:02 +0000 2018,0.141,0.859,0.0,@Nytimes,RT @NYTNational: The volunteers of The √Åguilas del Desierto - Eagles of the Desert - work to find bodies of immigrants who died while makin‚Ä¶,453
0.0,Sat Jul 14 05:06:06 +0000 2018,0.0,1.0,0.0,@Nytimes,"Nancy Barbato Sinatra, an Idol‚Äôs First Wife and Lasting Confidante, Dies at 101 https://t.co/Q4xT0ZOktH",454
-0.296,Sat Jul 14 04:55:42 +0000 2018,0.099,0.901,0.0,@Nytimes,"""I get discriminated against all the time. No one thinks I‚Äôm a CEO. I sit on a plane and tell somebody, 'Well, I ru‚Ä¶ https://t.co/mjB9vBw1TZ",455
-0.5563,Sat Jul 14 04:39:05 +0000 2018,0.14,0.86,0.0,@Nytimes,"‚ÄúShe so ugly I almost threw up. Ew.‚Äù
‚ÄúI was just staring at your bbbooo.....i mean eyes.‚Äù
‚ÄúGo back to the kitchen a‚Ä¶ https://t.co/yRDgH7oKDf",456
0.0,Sat Jul 14 04:22:03 +0000 2018,0.0,1.0,0.0,@Nytimes,"RT @NYTMetro: Designs include skulls, flaming hearts with swords piercing them, spiders, roses, jellyfish, an upside-down bat, and a unicor‚Ä¶",457
-0.3182,Sat Jul 14 04:11:38 +0000 2018,0.173,0.827,0.0,@Nytimes,"Trump Walks in Front of Queen Elizabeth, Causing Social Media Frenzy https://t.co/22TQkfSosk",458
0.7579,Sat Jul 14 04:02:05 +0000 2018,0.056,0.662,0.282,@Nytimes,No one will win the Nobel Prize in Literature this year. But you ‚Äî along with the librarians of Sweden ‚Äî can help c‚Ä¶ https://t.co/rvMxGcauHt,459
0.0,Sat Jul 14 03:47:03 +0000 2018,0.0,1.0,0.0,@Nytimes,"Wilbur Ross, the commerce secretary, said he would sell all of his remaining stock holdings after a government watc‚Ä¶ https://t.co/Vnk0WRf50E",460
0.2023,Sat Jul 14 03:39:42 +0000 2018,0.0,0.859,0.141,@Nytimes,"A Giant Iceberg Parked Offshore. It‚Äôs Stunning, but Villagers Hit the Road. https://t.co/OU7lo9ldy0",461
-0.5267,Sat Jul 14 03:32:04 +0000 2018,0.145,0.855,0.0,@Nytimes,"In 21 trips Tom Price took as health secretary, 20 of them violated federal travel rules, an inspector general said https://t.co/22IkjNMj0U",462
-0.4019,Sat Jul 14 03:17:02 +0000 2018,0.162,0.838,0.0,@Nytimes,RT @nytgraphics: How Russia hacked the D.N.C. and Hillary Clinton‚Äôs presidential campaign in 2016. https://t.co/6oO8BdTmDN,463
0.8555,Sat Jul 14 03:02:03 +0000 2018,0.0,0.455,0.545,@Nytimes,"Modern Love: What boxing taught me about love
https://t.co/rat4wkU5a2",464
-0.8807,Sat Jul 14 02:47:06 +0000 2018,0.397,0.603,0.0,@Nytimes,2 men pleaded guilty to manslaughter charges in the death of a fire chief in an explosion of a Bronx house that had‚Ä¶ https://t.co/0cFXitFTVz,465
-0.0772,Sat Jul 14 02:32:05 +0000 2018,0.151,0.711,0.138,@Nytimes,"Dan Coats, the director of national intelligence, said that the persistent danger of Russian cyberattacks today was‚Ä¶ https://t.co/2LT5knHY2n",466
-0.6407,Sat Jul 14 02:17:03 +0000 2018,0.216,0.784,0.0,@Nytimes,RT @nytopinion: The indictments against 12 Russian agents don't exonerate President Trump. On the contrary -- they should worry anyone work‚Ä¶,467
-0.1779,Sat Jul 14 02:02:03 +0000 2018,0.144,0.738,0.118,@Nytimes,"In the tug of war between workers and investors over how to divvy up the nation's wealth, Americans living on a pay‚Ä¶ https://t.co/T5PibgTyjs",468
0.2023,Sat Jul 14 01:48:04 +0000 2018,0.0,0.913,0.087,@Nytimes,"A top Uber executive is under scrutiny for his comments on race and women, casting a shadow on the company‚Äôs effort‚Ä¶ https://t.co/5vQLWgA19B",469
0.0,Sat Jul 14 01:37:29 +0000 2018,0.0,1.0,0.0,@Nytimes,"RT @MikeIsaac: During his first six months on the job, Barney Harford, Uber‚Äôs chief operating officer, has exhibited a pattern of upsetting‚Ä¶",470
0.2831,Sat Jul 14 01:32:02 +0000 2018,0.083,0.757,0.16,@Nytimes,"‚ÄúI almost feel like I‚Äôm making up for lost time,‚Äù Kim Gordon says. ‚ÄúI feel like I owe it to myself. Because my whol‚Ä¶ https://t.co/mqeNSBtRWL",471
0.0,Sat Jul 14 01:17:06 +0000 2018,0.0,1.0,0.0,@Nytimes,RT @katierogers: New QUEEN feature from me (w/ @sewellchan as the unsung editor hero): Queen Elizabeth II has met a dozen presidents. Dance‚Ä¶,472
0.0,Sat Jul 14 01:02:06 +0000 2018,0.0,1.0,0.0,@Nytimes,Evening Briefing: Here's what you need to know at the end of the day https://t.co/gE3aPm7FAX,473
-0.5574,Sat Jul 14 00:47:05 +0000 2018,0.146,0.854,0.0,@Nytimes,"Linda Daniels relied on an oxygen machine, and died hours after her power was shut off for overdue bills. Her famil‚Ä¶ https://t.co/e9ZDQJliUZ",474
0.1779,Sat Jul 14 00:32:04 +0000 2018,0.111,0.711,0.178,@Nytimes,A village in Greenland is on alert amid fears that a huge iceberg could break apart and send a flood wave over the‚Ä¶ https://t.co/ZkZKVgxChH,475
0.128,Sat Jul 14 00:17:02 +0000 2018,0.125,0.696,0.179,@Nytimes,RT @maggieNYT: ‚ÄúThe nation‚Äôs top intelligence officer said on Friday that the persistent danger of Russian cyberattacks today was akin to t‚Ä¶,476
0.4215,Sat Jul 14 00:02:05 +0000 2018,0.0,0.851,0.149,@Nytimes,You might get one last opportunity to see Manhattanhenge tonight. Here's what you need to know. https://t.co/QHfEQwO8tl,477
0.0,Fri Jul 13 23:47:05 +0000 2018,0.0,1.0,0.0,@Nytimes,"The ""plazafication of New York"" ‚Äî closing a street to traffic and turning it into a pedestrian zone ‚Äî was once a pr‚Ä¶ https://t.co/9PVUvCnWk6",478
0.7506,Fri Jul 13 23:32:03 +0000 2018,0.0,0.726,0.274,@Nytimes,"A jet black sarcophagus, perfectly sealed despite being 2,000 years old, is a rare find in Egypt, where treasure hu‚Ä¶ https://t.co/N076i3VxO5",479
0.0,Fri Jul 13 23:17:05 +0000 2018,0.0,1.0,0.0,@Nytimes,RT @ScottCacciola: Conducted an anthropological study at summer league by talking to a bunch of people wearing Kobe jerseys about LeBron. T‚Ä¶,480
0.6249,Fri Jul 13 23:02:05 +0000 2018,0.0,0.758,0.242,@Nytimes,New York Gov. Andrew Cuomo appeared to embrace elements of a state Health Department report that favored legalizing‚Ä¶ https://t.co/0mfrTHTs5t,481
0.0,Fri Jul 13 22:47:05 +0000 2018,0.0,1.0,0.0,@Nytimes,Evening Briefing: Here's what you need to know at the end of the day https://t.co/MDrPmbPkvD,482
0.0,Fri Jul 13 22:32:04 +0000 2018,0.0,1.0,0.0,@Nytimes,"Maggie Smith, Michelle Dockery, Hugh Bonneville and other cast members will return to Highclere castle for a ""Downt‚Ä¶ https://t.co/VoF5OaHxdQ",483
0.5859,Fri Jul 13 22:17:03 +0000 2018,0.0,0.814,0.186,@Nytimes,"RT @NYTScience: Manhattanhenge put on a nice show last night. You'll get another chance to watch it on Friday night, and the weather foreca‚Ä¶",484
0.0,Fri Jul 13 22:02:01 +0000 2018,0.0,1.0,0.0,@Nytimes,"""I know I could run a company. And I could do it really well,"" says Tiler Peck of New York City Ballet. A new docum‚Ä¶ https://t.co/dpzk7W07L4",485
0.4588,Fri Jul 13 21:47:02 +0000 2018,0.0,0.84,0.16,@Nytimes,"RT @nytmike: The same day Trump encouraged Russia in the middle of the 2016 campaign to hack Clinton's emails, Russian hackers launched the‚Ä¶",486
-0.2263,Fri Jul 13 21:32:05 +0000 2018,0.128,0.872,0.0,@Nytimes,Forget video assistant referees. A translation app was the World Cup's biggest technological advance. https://t.co/UL2kuAqbd5,487
-0.5106,Fri Jul 13 21:11:07 +0000 2018,0.125,0.875,0.0,@Nytimes,RT @nytimesarts: Scarlett Johansson has dropped out of the movie ‚ÄúRub &amp; Tug‚Äù after outcry for taking on the role of a transgender man https‚Ä¶,488
0.0,Fri Jul 13 20:55:05 +0000 2018,0.0,1.0,0.0,@Nytimes,‚ÄúHannah Gadsby: Nanette‚Äù has become a word-of-mouth phenomenon. Here's what to read about it. https://t.co/QDm7UvBft2,489
-0.2732,Fri Jul 13 20:44:02 +0000 2018,0.13,0.87,0.0,@Nytimes,RT @NYTMetro: New York's low rate of organ donor registration is causing a transplant nightmare. https://t.co/EjsyBow8wJ,490
0.7506,Fri Jul 13 20:33:07 +0000 2018,0.0,0.738,0.262,@Nytimes,"It took plastic cocoons and anti-anxiety pills, bravery and providence, to save the soccer team. ‚ÄúSo many things co‚Ä¶ https://t.co/tPEqGwIXgV",491
0.1779,Fri Jul 13 20:20:06 +0000 2018,0.0,0.922,0.078,@Nytimes,"The marijuana industry is growing and the stock prices of companies that grow, process and sell it have been rising https://t.co/ofyY7GTMpR",492
-0.7152,Fri Jul 13 20:10:05 +0000 2018,0.291,0.709,0.0,@Nytimes,"RT @nytgraphics: The Mueller investigation so far:
- More than 100 charges
- 32 people and 3 companies charged 
- 5 guilty pleas
- 25 Russi‚Ä¶",493
0.7178,Fri Jul 13 19:52:04 +0000 2018,0.083,0.652,0.264,@Nytimes,The idea that a minor loss can be more motivating than a major win have big implications for how the working class‚Ä¶ https://t.co/FTB3y3rvju,494
0.431,Fri Jul 13 19:42:06 +0000 2018,0.0,0.831,0.169,@Nytimes,It isn't all bad out there. 7 good-news stories that we wrote about this week: https://t.co/ei62GQnv0W,495
0.2023,Fri Jul 13 19:32:04 +0000 2018,0.133,0.703,0.164,@Nytimes,"Modern Love: After being assaulted in a park, a young woman sought refuge in marriage. When that didn‚Äôt work, she s‚Ä¶ https://t.co/8bEDadT4sN",496
0.0,Fri Jul 13 19:22:04 +0000 2018,0.0,1.0,0.0,@Nytimes,European allies have begun to believe that underneath President Trump's bluster there is a strategy: to undercut Eu‚Ä¶ https://t.co/bWlhXjXASV,497
0.0,Fri Jul 13 19:12:01 +0000 2018,0.0,1.0,0.0,@Nytimes,Fact Check: 10 falsehoods from President Trump's news conference with Theresa May https://t.co/rv9qFtSBq0,498
-0.6124,Fri Jul 13 19:10:14 +0000 2018,0.167,0.833,0.0,@Nytimes,RT @NYTSports: Spot the Ball just crushed our Sports Editor's soul. He sits next to the guy who makes it yet scored 12.3%. No one is safe.‚Ä¶,499
0.0,Fri Jul 13 19:02:04 +0000 2018,0.0,1.0,0.0,@Nytimes,üëÄ https://t.co/myKh7yleWb,500
